family,index,round,score,global_rmse,local_rmse,low_rmse,p95_abs,condition,success,weighted_coverage,swap_out_hessian,swap_in_hessian,improved
smooth_low_variation,0,0,-0.002808655238149767,2.045879214187189e-05,3.6385204512485903e-05,1.3850798256312769e-05,4.5884538013776755e-05,194.0584191614393,True,14.48213329319869,,,
smooth_low_variation,0,1,-0.0028243241637008008,1.8402694334370426e-05,3.2360943516545894e-05,1.2696973195392756e-05,4.018475173714475e-05,191.8295609247723,True,14.512973017703906,0.3004742498932625,0.36086745541991233,True
smooth_low_variation,0,2,-0.0029086189808370535,1.6911660032408836e-05,3.0038504355575993e-05,1.147447996956506e-05,3.3622458885007376e-05,195.28040058539446,True,14.90550936963639,0.29586221312233296,0.6163902764548261,True
smooth_low_variation,0,3,-0.002936626216568525,1.5595965462703462e-05,2.765671079335889e-05,1.0611129754026468e-05,2.8037899611237537e-05,202.20723242243238,True,15.016935484994711,0.2575344327103034,0.48212219174844984,True
smooth_low_variation,0,4,-0.002936626216568525,1.5595965462703462e-05,2.765671079335889e-05,1.0611129754026468e-05,2.8037899611237537e-05,202.20723242243238,True,15.016935484994711,,,False
smooth_low_variation,0,5,-0.0029519131791792483,1.56970991673361e-05,2.726277605033336e-05,1.1044063461599433e-05,2.7749313074939615e-05,202.86058302921467,True,15.090232070198507,0.3191344953158315,0.9319752521673547,True
smooth_low_variation,0,6,-0.002977294627003927,1.5787533804823274e-05,2.713587298554297e-05,1.128097845834055e-05,2.815313458538688e-05,213.5857981150382,True,15.216417629160025,0.32382461501,0.9670511684358499,True
smooth_low_variation,0,7,-0.002984023299369172,1.561489242602665e-05,2.5610193052592162e-05,1.1858932966576012e-05,2.6223672910326875e-05,212.21136626240056,True,15.23508524471247,0.3058127415658463,0.6829698754564908,True
smooth_low_variation,0,8,-0.0029892781134727075,1.600314543891424e-05,2.492071225753502e-05,1.28339089658099e-05,2.8535828182926115e-05,209.20154292202764,True,15.256922882940307,0.3054015618704558,0.8000286293718459,True
smooth_low_variation,0,9,-0.0030232512848472125,1.0526385200983712e-05,1.3868359799772074e-05,9.507273567157853e-06,2.3488957798462276e-05,203.16164773247786,True,15.297170678388872,0.31672589377799865,0.9652589441500228,True
smooth_low_variation,0,10,-0.0030232512848472125,1.0526385200983712e-05,1.3868359799772074e-05,9.507273567157853e-06,2.3488957798462276e-05,203.16164773247786,True,15.297170678388872,,,False
smooth_low_variation,0,11,-0.003023387828403898,1.046097317976303e-05,1.3711406614599736e-05,9.473946720427417e-06,2.3221814645547895e-05,202.52847501101752,True,15.296074519103353,0.32948433704999563,0.4785714522060249,True
smooth_low_variation,0,12,-0.003023387828403898,1.046097317976303e-05,1.3711406614599736e-05,9.473946720427417e-06,2.3221814645547895e-05,202.52847501101752,True,15.296074519103353,,,False
smooth_low_variation,1,0,-0.0018570554223648458,0.0002272142042893462,0.0004063516197844351,0.00015232826705177468,0.0005050668483787676,178.9825520543919,True,14.180100616276984,,,
smooth_low_variation,1,1,-0.002082619499072905,0.00017945875044529,0.0003275402044026405,0.0001157758034321269,0.0003381845725240002,199.40396529678296,True,14.340138138315398,0.30613977761810157,0.3922816592855929,True
smooth_low_variation,1,2,-0.0023613418973712167,0.00014588100856926202,0.0002297796527677156,0.00011570838029378683,0.00028673050736430965,210.49649745578796,True,14.661576317803762,0.31611077869206444,0.5449776495385293,True
smooth_low_variation,1,3,-0.00238816760281321,0.00014092451948692663,0.0002198765743159783,0.00011280973304528571,0.00027246870620830944,211.39712613527496,True,14.67931892392348,0.25,0.44878509769465375,True
smooth_low_variation,1,4,-0.002395780852492733,0.00014507486495397853,0.00021483506235683733,0.00012148715015596059,0.00027466154201726787,211.54500398623392,True,14.691502914034302,0.28798692315080665,0.4093355435291658,True
smooth_low_variation,1,5,-0.0024168399840797904,0.0001493930927243748,0.00020278581021071108,0.0001327000527931395,0.00026447603693433876,217.51659836479885,True,14.706934128469904,0.27789403460301104,0.43829355503564726,True
smooth_low_variation,1,6,-0.0024675608529536167,0.00014443947532923873,0.00017234313340500532,0.00013656182411406401,0.0002771242654510074,220.09484505258476,True,14.654175625410577,0.33729119475160263,0.8707444279730963,True
smooth_low_variation,1,7,-0.0024832358511503215,0.00014509438603792018,0.00016649469572162465,0.00013922105545161251,0.00027634917963744344,224.61196358231734,True,14.681727121366235,0.2918768715151274,0.8478953742080316,True
smooth_low_variation,1,8,-0.0024832358511503215,0.00014509438603792018,0.00016649469572162465,0.00013922105545161251,0.00027634917963744344,224.61196358231734,True,14.681727121366235,,,False
smooth_low_variation,1,9,-0.0024832358511503215,0.00014509438603792018,0.00016649469572162465,0.00013922105545161251,0.00027634917963744344,224.61196358231734,True,14.681727121366235,,,False
smooth_low_variation,1,10,-0.0024832358511503215,0.00014509438603792018,0.00016649469572162465,0.00013922105545161251,0.00027634917963744344,224.61196358231734,True,14.681727121366235,,,False
smooth_low_variation,1,11,-0.002520739114553402,0.0001577249436986031,0.00015770751325042357,0.0001577293084664666,0.00030731518259488025,228.37329842927522,True,14.851114788826443,0.32669372733470226,1.6151864397518643,True
smooth_low_variation,1,12,-0.0025336723241483634,0.0001611655358938182,0.00014517542370130466,0.0001649273545264444,0.00033010702575591417,233.5872444984706,True,14.817061969447977,0.3590101192680916,0.3938329437859258,True
smooth_low_variation,2,0,-0.002684237779061414,4.570152383247523e-05,8.608556412650044e-05,2.7492335632867016e-05,9.150429404136309e-05,188.54082172385316,True,14.445987982639574,,,
smooth_low_variation,2,1,-0.002763475459448681,4.436496099208709e-05,8.340177697930447e-05,2.6818169519017584e-05,8.870508493902322e-05,194.83621084342062,True,14.810668539262407,0.30508291915023833,0.3660782259126209,True
smooth_low_variation,2,2,-0.002770712635932633,4.358592311035385e-05,8.201957256386848e-05,2.6283034785170884e-05,8.268162362250352e-05,194.84205525021088,True,14.830173841430717,0.30753734816112327,0.3546318097449315,True
smooth_low_variation,2,3,-0.0028229065624405464,4.382149847336952e-05,7.83014280914437e-05,2.942489956437374e-05,8.46592201533667e-05,201.0829332758532,True,15.057928514415433,0.29463141190198483,0.4454509273775632,True
smooth_low_variation,2,4,-0.0028279285665090224,4.39347744902684e-05,7.810766138542707e-05,2.976314001656094e-05,7.822246293919876e-05,201.44770090569207,True,15.081812572811655,0.27396373393398793,0.7315301487091321,True
smooth_low_variation,2,5,-0.0028569757004990215,4.127606732001835e-05,7.126660493292975e-05,2.9299588338040536e-05,7.340044156059383e-05,205.3722258573093,True,15.150474934724798,0.3194805411065787,1.0520046888123993,True
smooth_low_variation,2,6,-0.002857216323635773,4.123959922608214e-05,7.066045794940605e-05,2.9601470817780945e-05,7.326214887635533e-05,207.33471551752314,True,15.145888850341281,0.27107539905322114,0.46317261863055786,True
smooth_low_variation,2,7,-0.002857216323635773,4.123959922608214e-05,7.066045794940605e-05,2.9601470817780945e-05,7.326214887635533e-05,207.33471551752314,True,15.145888850341281,,,False
smooth_low_variation,2,8,-0.002864162355225625,4.090486684757252e-05,7.019226560290714e-05,2.9298115144009524e-05,7.113510528019269e-05,209.2701292479978,True,15.17461456719288,0.2801386210988898,0.556526100916053,True
smooth_low_variation,2,9,-0.002870310334616461,4.109779894353016e-05,6.920443771115376e-05,3.0210038127810656e-05,7.603060956469976e-05,211.2516771659091,True,15.197181716628128,0.2632811608708516,0.5122958339629131,True
smooth_low_variation,2,10,-0.0029027855602927265,3.977793460987432e-05,5.302042953016655e-05,3.570067020440371e-05,8.485276559240191e-05,204.62872000917181,True,15.203256447667044,0.2750213382605544,0.40471196656395453,True
smooth_low_variation,2,11,-0.002910270200606711,4.152148110570354e-05,5.045267588777994e-05,3.8965653755518515e-05,9.24126702110544e-05,204.23741535060998,True,15.225645660524036,0.3256624012875575,0.5332208171502318,True
smooth_low_variation,2,12,-0.002924552896859729,3.843393829290937e-05,4.280582365336769e-05,3.7258863718615694e-05,8.60270274455956e-05,210.94320142210228,True,15.210888044556842,0.3018718466890817,0.5196944397265106,True
smooth_low_variation,3,0,-0.0024218362787039377,0.00010390968610713687,0.00018809136214368734,6.812798038079326e-05,0.00024777602638193115,190.24992668204044,True,14.36857492388448,,,
smooth_low_variation,3,1,-0.002484421447859761,9.999327940395367e-05,0.00017836000363342165,6.734919807713923e-05,0.0002299551977838908,206.3388126044529,True,14.571903669927725,0.30337558797942893,0.46715912930893827,True
smooth_low_variation,3,2,-0.002494192150210137,9.812673439356286e-05,0.0001689869457860361,6.992013328879338e-05,0.00022365087665481793,210.23271507057143,True,14.524723671539332,0.3270443950780708,0.41027587682458977,True
smooth_low_variation,3,3,-0.002561663084238185,8.792315053079412e-05,0.0001370091907724545,7.046628367195149e-05,0.00018580348587670948,216.75353877987845,True,14.5152661884901,0.3354190520063216,0.45570365095227416,True
smooth_low_variation,3,4,-0.002586808779390404,8.515350588751423e-05,0.00012299284873283577,7.265479710523707e-05,0.00017116077553737147,217.29885317577683,True,14.497495277168321,0.3371853877138743,0.5866361233455654,True
smooth_low_variation,3,5,-0.002640431692140164,8.247778100488776e-05,0.00010280649956271771,7.654622701428893e-05,0.00016548313488337453,226.53594458526595,True,14.5655074866804,0.34937593218622376,0.4139096711670762,True
smooth_low_variation,3,6,-0.002640431692140164,8.247778100488776e-05,0.00010280649956271771,7.654622701428893e-05,0.00016548313488337453,226.53594458526595,True,14.5655074866804,,,False
smooth_low_variation,3,7,-0.002640431692140164,8.247778100488776e-05,0.00010280649956271771,7.654622701428893e-05,0.00016548313488337453,226.53594458526595,True,14.5655074866804,,,False
smooth_low_variation,3,8,-0.002640431692140164,8.247778100488776e-05,0.00010280649956271771,7.654622701428893e-05,0.00016548313488337453,226.53594458526595,True,14.5655074866804,,,False
smooth_low_variation,3,9,-0.002640431692140164,8.247778100488776e-05,0.00010280649956271771,7.654622701428893e-05,0.00016548313488337453,226.53594458526595,True,14.5655074866804,,,False
smooth_low_variation,3,10,-0.002640431692140164,8.247778100488776e-05,0.00010280649956271771,7.654622701428893e-05,0.00016548313488337453,226.53594458526595,True,14.5655074866804,,,False
smooth_low_variation,3,11,-0.002700362524669742,8.043435704727435e-05,7.407228729960489e-05,8.195030117471952e-05,0.0001724591780969462,225.19948985058687,True,14.589153066106427,0.3532952815059828,0.7443049200186972,True
smooth_low_variation,3,12,-0.0027096398713704695,7.987618845584937e-05,6.992380920835794e-05,8.218004580506791e-05,0.0001652120198349727,230.0629371846216,True,14.594375534308906,0.33699590711989086,0.39739801482172377,True
smooth_low_variation,4,0,-0.002546964547472778,9.269709898327252e-05,0.00018056354709550243,5.079241070780864e-05,0.00020629717326634464,186.919969586886,True,14.86852104291365,,,
smooth_low_variation,4,1,-0.0026311235116629954,8.255336130858024e-05,0.00015749180072143523,4.806463143364263e-05,0.00016016967671839512,189.24823749278303,True,15.025183521531154,0.29662284019647783,0.8759889541080045,True
smooth_low_variation,4,2,-0.0026600125591220262,7.958694502222748e-05,0.00015013755227547747,4.7700598157151774e-05,0.0001572173436032588,192.29254784288392,True,15.086769879269436,0.315684447542321,0.9170893755437769,True
smooth_low_variation,4,3,-0.0026796714492415465,8.040010172485052e-05,0.00014291996011408343,5.447676797646895e-05,0.00014774360833141601,204.80689478309662,True,15.122367385887257,0.2927283367485703,0.43650696628653163,True
smooth_low_variation,4,4,-0.002685139728772022,7.916364429671127e-05,0.00014237658165107832,5.2534169260080055e-05,0.000135050832479317,202.28855596888658,True,15.13850024561614,0.32382427758168536,0.36383330820561455,True
smooth_low_variation,4,5,-0.002694801322106829,8.005148997004435e-05,0.00013905578687580902,5.6308455285959334e-05,0.00014671972483479038,207.63379121677917,True,15.1605300889856,0.32809203194526115,0.6652770898563569,True
smooth_low_variation,4,6,-0.002709138512912269,8.298523549761424e-05,0.00013095438861637754,6.570032705604158e-05,0.0001589681664103017,218.59046275823343,True,15.171946836750909,0.33158392340040754,0.37255715205199663,True
smooth_low_variation,4,7,-0.0027203243449046765,8.389395948942147e-05,0.00012734924053728043,6.884301625125053e-05,0.00016402533160393877,211.7321713227797,True,15.199071996940333,0.3173487055669228,0.3933039565747766,True
smooth_low_variation,4,8,-0.002722957646904725,8.520104733334742e-05,0.00012741911506457523,7.079035889265029e-05,0.0001612929944042416,208.0643515971679,True,15.21942028553768,0.33651446764563275,0.36688593049872015,True
smooth_low_variation,4,9,-0.002757136392737154,8.220963328716316e-05,0.00011840124004979639,7.028662787085447e-05,0.00015636034071435959,211.15860031360918,True,15.2919416005822,0.31600920619666956,0.9794299143130403,True
smooth_low_variation,4,10,-0.002762052194820677,8.363087335665407e-05,0.00011499007906912525,7.371776802241244e-05,0.00016432653161947228,215.61219245843924,True,15.292073572276065,0.34943343713094993,0.39116243364013503,True
smooth_low_variation,4,11,-0.002766914035788449,8.383176141296635e-05,0.00011429866231194964,7.427029430142418e-05,0.00016615583833692294,213.83247609892408,True,15.31099161239261,0.35113903761936416,0.4371143870422456,True
smooth_low_variation,4,12,-0.00276774080517791,8.336234227905051e-05,0.00011589424229036443,7.29791611309874e-05,0.00016515935868022816,214.4113458903861,True,15.327537478470672,0.35328806942419505,0.7319705976074748,True
edge_rolloff,0,0,-6.945440664532553e-05,0.0007293425380978233,0.001150647331509359,0.0005775720590777088,0.0015965990944543029,180.0971529580421,True,14.637472540177313,,,
edge_rolloff,0,1,-0.00042495579091435384,0.0006510795088071784,0.0010119964394256868,0.0005230579871921331,0.0014238016640078055,182.3103621554562,True,14.741143563295266,0.30526635726400797,0.5587639532177205,True
edge_rolloff,0,2,-0.0005207150555385188,0.0006435150590586309,0.0009625342348404376,0.0005346048011729349,0.0014209517675730198,180.04582570830607,True,14.724592245259794,0.3498426540482495,0.5446605876598456,True
edge_rolloff,0,3,-0.000740915529468224,0.0006164570128817255,0.0008745300624728587,0.0005325962150980676,0.0013823984216872014,183.9141854380488,True,14.876265789623691,0.3652050269363899,1.086366173059854,True
edge_rolloff,0,4,-0.0007924391394954601,0.0006169727581159726,0.0008513674816043522,0.0005426466010408355,0.001414321356550591,188.00744775255194,True,14.92220869289742,0.33164521919728407,0.6392589558095925,True
edge_rolloff,0,5,-0.0008263257955184984,0.0006215129204780792,0.0008386061237253459,0.000553983044240287,0.0014158208912390968,201.78987736614425,True,14.996300224442336,0.3369291904733551,0.8563786997313397,True
edge_rolloff,0,6,-0.0010673713673501383,0.0005723820389571621,0.0007486377078605204,0.0005189530587008755,0.001315848786672206,199.96238986519865,True,15.123665829246315,0.4044748256978237,1.4620509524110452,True
edge_rolloff,0,7,-0.0010673713673501383,0.0005723820389571621,0.0007486377078605204,0.0005189530587008755,0.001315848786672206,199.96238986519865,True,15.123665829246315,,,False
edge_rolloff,0,8,-0.0011755919046517308,0.0005765728591885223,0.0007023250589644377,0.0005405195635817013,0.0012590898430935688,211.08570760159498,True,15.257330614622314,0.4129656513305313,0.8749032353285637,True
edge_rolloff,0,9,-0.001297144848277447,0.0005784346503818224,0.00065447641609837,0.000557770876045016,0.001286769241225101,212.70803174856295,True,15.43180434220627,0.3905212564289527,0.5588497267160417,True
edge_rolloff,0,10,-0.0013014274657542904,0.0005738031279613135,0.0006475238558167365,0.0005538070330102784,0.0012644026516687233,211.18502611613488,True,15.365748634882832,0.45892359896393203,0.5757629078760353,True
edge_rolloff,0,11,-0.0013014274657542904,0.0005738031279613135,0.0006475238558167365,0.0005538070330102784,0.0012644026516687233,211.18502611613488,True,15.365748634882832,,,False
edge_rolloff,0,12,-0.0013219955979763233,0.0005991003210759034,0.000631001275800634,0.0005908418163161013,0.0013599845961248297,219.07498985755956,True,15.442241396416996,0.4272852380743006,1.6200100153063213,True
edge_rolloff,1,0,0.0010856490258539819,0.0010604143988154828,0.0016139236144778978,0.0008682037186727888,0.002257896976999103,179.578195861112,True,14.802620298728057,,,
edge_rolloff,1,1,0.0010148100520256617,0.0010510720830891555,0.001583914705990751,0.0008678384106920277,0.0022355724698301556,182.71051381723913,True,14.832521185731917,0.2736112428865813,0.4975581318606964,True
edge_rolloff,1,2,0.0009399665458968017,0.0010429558762284567,0.0015649916928735207,0.0008641839927818279,0.0020583681963731617,184.19844057654257,True,14.991119810738343,0.3148715605511386,1.2508748261410356,True
edge_rolloff,1,3,0.0007963337696262739,0.000994042435760318,0.0015090057089834187,0.0008156742143634639,0.001927967848539034,183.0379401694135,True,14.946846138766842,0.3511913103960743,0.49508968782442286,True
edge_rolloff,1,4,0.0007839437643337656,0.0009853845376352516,0.001505574986300534,0.000804042889310424,0.0018751997584868666,182.1173509213324,True,14.93377248978737,0.309402374572002,0.5021637943690365,True
edge_rolloff,1,5,0.0005952152314851731,0.0010056217449672465,0.0014067943521977708,0.0008768763997942153,0.0020744345210097865,183.01812162701023,True,15.064880325239749,0.26453284752270717,0.5579074056480744,True
edge_rolloff,1,6,1.9570662768198833e-06,0.000920247644405468,0.001154495108786084,0.0008515556288897598,0.0018552481976192852,186.09550377350695,True,15.270532646914518,0.3589754521183439,1.0928608264847213,True
edge_rolloff,1,7,-6.415625466324156e-05,0.0009082491577402766,0.0011189884845639012,0.0008473069562644813,0.0019577758899849756,190.66530204738237,True,15.212670544233676,0.3638158831816621,0.4789705025559415,True
edge_rolloff,1,8,-0.00016285366414435596,0.0008785552377994484,0.0010809407791231092,0.0008200891543356473,0.0018880365744976368,191.89569556472588,True,15.205746716607779,0.4265244507157168,0.603643334207635,True
edge_rolloff,1,9,-0.00019132885286044562,0.0008689363904400084,0.0010726149538093862,0.0008099494823437604,0.0018547165833208718,196.2843913104091,True,15.223014539239092,0.3524388046594013,0.8626868603301049,True
edge_rolloff,1,10,-0.0002259024180018528,0.0008595614119683733,0.0010584323414054323,0.0008020750147171659,0.001834248079362596,197.21731081356404,True,15.21781830785138,0.3713941082643138,0.9476373837229262,True
edge_rolloff,1,11,-0.0002781467236821298,0.0008808469659962176,0.0010103341685596017,0.0008453198615123767,0.001863718402232505,210.10865968418992,True,15.140559507568053,0.40565953924612097,0.5570634903291674,True
edge_rolloff,1,12,-0.0002805390820142086,0.0008733679707357123,0.0010140975181729664,0.0008344174183460715,0.0018563982724066669,209.5033469860554,True,15.149937306849544,0.46382244387068106,0.5619098896128583,True
edge_rolloff,2,0,0.0008521860191596214,0.001018776863768477,0.0015251779490019267,0.0008457480484476816,0.002387513844478796,184.9040907431142,True,14.940850251312101,,,
edge_rolloff,2,1,0.0001854098173427166,0.0008737222417539615,0.0012557499070952815,0.0007481063987029341,0.0019657941315586944,182.93248442294566,True,15.057248762687577,0.29298861647659696,0.44958857061863283,True
edge_rolloff,2,2,5.6499003618886226e-05,0.0008691337665567515,0.0012037725335359618,0.0007626781900975044,0.0019543202391384333,200.58344703530977,True,15.198069749896973,0.3037200548261242,1.2163883310290495,True
edge_rolloff,2,3,5.76161601553455e-06,0.0008700413995546876,0.0011862049821512288,0.0007708218597065505,0.0019335642193496524,201.60892497145545,True,15.293795002594631,0.3696270591211363,0.5382616342125912,True
edge_rolloff,2,4,-6.25293068694092e-05,0.000847809368159059,0.0011646201853010819,0.0007477419941161026,0.0018139272447120194,199.07768753138646,True,15.324430089177348,0.3685826420712336,0.45139100414943356,True
edge_rolloff,2,5,-9.528690727924694e-05,0.0008389739235889444,0.0011459564973424856,0.0007424835242159219,0.0018067318950137814,202.42624559581245,True,15.271401754758948,0.3713787754434924,0.45948559018687163,True
edge_rolloff,2,6,-0.00012618568399619867,0.0008580942553156398,0.0011212104806133194,0.0007783997306987255,0.0017446331128802759,215.51792474178777,True,15.292596642232397,0.389198517500424,0.4649292462675163,True
edge_rolloff,2,7,-0.00013612433165273398,0.0008533589560707984,0.001115973436559191,0.0007737612292599795,0.00173971389758569,216.3623290271966,True,15.270170726790179,0.41456349491468497,0.5640335105533307,True
edge_rolloff,2,8,-0.0001428752962756197,0.0008640957297451702,0.001101211104454958,0.000793700786912733,0.0017886681269948526,228.273726052684,True,15.221057846312313,0.34539038620562973,0.47279879537517955,True
edge_rolloff,2,9,-0.00015797599024433518,0.0008653250677956287,0.0010895949925821703,0.0007993700346615563,0.0018010661054671832,230.20580260610677,True,15.195258971584895,0.31680461045822,0.4720429896838685,True
edge_rolloff,2,10,-0.00033177873414970286,0.0008496232533913111,0.0010066301222811354,0.0008055270629007136,0.0018615487225847253,245.3456347592011,True,15.218338568805573,0.45139100414943356,0.6233447519104611,True
edge_rolloff,2,11,-0.00033177873414970286,0.0008496232533913111,0.0010066301222811354,0.0008055270629007136,0.0018615487225847253,245.3456347592011,True,15.218338568805573,,,False
edge_rolloff,2,12,-0.00033177873414970286,0.0008496232533913111,0.0010066301222811354,0.0008055270629007136,0.0018615487225847253,245.3456347592011,True,15.218338568805573,,,False
edge_rolloff,3,0,0.0015687978907207275,0.0011705374168017825,0.0018112607236470022,0.0009443058642142283,0.002499196037726349,179.26669589783137,True,14.762859324140047,,,
edge_rolloff,3,1,0.0005939264205777257,0.0010193315185604778,0.001382841802952786,0.0009057369780947071,0.002270982446443746,180.39206735894302,True,14.918312167227032,0.32352625191519613,0.8071207434383157,True
edge_rolloff,3,2,0.0004912744813573193,0.0010138347475613667,0.0013543022434991659,0.0009088165508001207,0.0022335116021146976,193.27488635788063,True,15.14009708338752,0.3110818576514076,0.773221455810001,True
edge_rolloff,3,3,9.64380706386281e-05,0.0009515101440552636,0.0011928084504767497,0.000880792297192454,0.002055581887999906,199.96636525651166,True,15.308838533993113,0.42211807095539344,0.8519116147963088,True
edge_rolloff,3,4,9.64380706386281e-05,0.0009515101440552636,0.0011928084504767497,0.000880792297192454,0.002055581887999906,199.96636525651166,True,15.308838533993113,,,False
edge_rolloff,3,5,-0.00017569107601666037,0.0009298019485979748,0.0010722674155100905,0.0008905634152146647,0.0018615457153593285,207.64627773527639,True,15.445938716541516,0.3505485051803366,0.9279864031671106,True
edge_rolloff,3,6,-0.00025049901898287034,0.000920875150975319,0.0010349772980073238,0.0008900133838608828,0.0018098022374067435,210.62757406306127,True,15.43041085635869,0.4281502232267288,1.0158479891933865,True
edge_rolloff,3,7,-0.00027139985599164765,0.0009293925636107531,0.0010206856829757041,0.0009050896023643758,0.0018522134609420388,217.49809518366362,True,15.445304665537266,0.48789690662787727,0.7209996927552669,True
edge_rolloff,3,8,-0.0003360720995086502,0.00094840566253951,0.0009796912293049374,0.0009404079390631792,0.0020304984880713155,214.36968418909416,True,15.484532681311471,0.4947401350057685,0.740471806358289,True
edge_rolloff,3,9,-0.0003360720995086502,0.00094840566253951,0.0009796912293049374,0.0009404079390631792,0.0020304984880713155,214.36968418909416,True,15.484532681311471,,,False
edge_rolloff,3,10,-0.0003360720995086502,0.00094840566253951,0.0009796912293049374,0.0009404079390631792,0.0020304984880713155,214.36968418909416,True,15.484532681311471,,,False
edge_rolloff,3,11,-0.0003360720995086502,0.00094840566253951,0.0009796912293049374,0.0009404079390631792,0.0020304984880713155,214.36968418909416,True,15.484532681311471,,,False
edge_rolloff,3,12,-0.0003640479600293908,0.0009206991658658919,0.0009745969143219032,0.0009067001718279329,0.0019499564898793494,220.6851793760404,True,15.438757086954016,0.49231825796562334,0.5812904669331904,True
edge_rolloff,4,0,0.0006354727351453593,0.000917979702566026,0.0014390746687582094,0.0007315045800819847,0.002089633692558473,184.2802227217252,True,14.72397552311677,,,
edge_rolloff,4,1,0.00034488153039304243,0.0008617397023778138,0.0013313842389709762,0.0006961734533040271,0.00197934595402645,186.11218406906536,True,14.899595070405386,0.3223963182534183,0.5737003953468767,True
edge_rolloff,4,2,0.0001582939864253085,0.0008355726930505615,0.0012669455346542412,0.0006863318248934566,0.0018945973417558149,188.7626406401364,True,15.105639728677996,0.30577760885980204,1.335606308839441,True
edge_rolloff,4,3,-0.00010009945113020327,0.0007970830276819256,0.001159828222196852,0.0006764411355617857,0.0018214615245086693,192.6837957201171,True,15.214323449381524,0.3667975356171874,0.8254359156691456,True
edge_rolloff,4,4,-0.00019934208905743366,0.0007900065008688434,0.0011303295019137456,0.000678562478075191,0.0018114848808937895,198.52071303557938,True,15.402290842333533,0.3463805869693859,1.084130348297553,True
edge_rolloff,4,5,-0.00019934208905743366,0.0007900065008688434,0.0011303295019137456,0.000678562478075191,0.0018114848808937895,198.52071303557938,True,15.402290842333533,,,False
edge_rolloff,4,6,-0.0002626788643534843,0.0007761015572802782,0.0011049357034681108,0.0006689033322789278,0.0018243972491209723,200.35512810132903,True,15.414557365248838,0.2800426234891481,0.4836443615903937,True
edge_rolloff,4,7,-0.00040121385455906813,0.0007273886977692335,0.0010593943840950862,0.0006168751728018566,0.0016783974986981313,209.08338950235992,True,15.442410814521056,0.3127055533170767,1.572155607238851,True
edge_rolloff,4,8,-0.0004347913237671896,0.0007066458802792656,0.0010550371618411073,0.0005879175615814641,0.001565516382086697,209.20804541402592,True,15.466279767262519,0.3752868783691865,0.4775730875701353,True
edge_rolloff,4,9,-0.0004347913237671896,0.0007066458802792656,0.0010550371618411073,0.0005879175615814641,0.001565516382086697,209.20804541402592,True,15.466279767262519,,,False
edge_rolloff,4,10,-0.00043877931120095155,0.0007089773085802544,0.0010534131675707932,0.0005921414476277152,0.001563909929868206,209.64176466218754,True,15.482854898935866,0.36498218740042626,0.48476468114304005,True
edge_rolloff,4,11,-0.0005040422781263207,0.0007074996301517551,0.0010245424449733813,0.0006025262762958601,0.001509988099671448,211.75281301947146,True,15.534727157394155,0.4513711008854039,0.9581958487147526,True
edge_rolloff,4,12,-0.0006492409232312138,0.0006906118768326433,0.0009634105930967024,0.0006032809592530217,0.001514229992481681,214.59965850566874,True,15.610811986463784,0.45411286057792044,0.660880545112994,True
local_bump,0,0,0.0017758078981758656,0.0009477471381712443,0.0019574923848773335,0.0004044522261842736,0.0020985741814380575,170.9638814839797,True,13.966500760092226,,,
local_bump,0,1,0.0016175688400138447,0.0009275737000020825,0.0019054059061275116,0.00040824393039125067,0.0020116081312425388,177.88828305286097,True,14.17502893162067,0.3290663078528342,0.5184919085170633,True
local_bump,0,2,0.0009260847847117901,0.0008106228274346171,0.0016105652218715723,0.00041482283647076523,0.0015091731156586503,179.53746785122422,True,14.320418515926177,0.3193227534228228,0.4913020057619101,True
local_bump,0,3,0.00016739217437877025,0.0007083773234333708,0.0012898117337456448,0.0004591812216813243,0.0014339304599255938,183.52692472113935,True,14.635684282420218,0.3572315880769709,1.255022622862577,True
local_bump,0,4,8.290821837875651e-05,0.0006831101229600998,0.0012636654410548363,0.00042848940035804456,0.0013845964067081223,186.09344000257622,True,14.689914852663952,0.38460608961130227,0.8288298127589626,True
local_bump,0,5,1.3715334697421769e-05,0.0006763430999315366,0.001234242381470848,0.0004364692238368276,0.0013474158115354062,191.47727365560664,True,14.729880854775917,0.40151008750630507,0.641118848241342,True
local_bump,0,6,-0.0005247889978935265,0.0006134009295515765,0.0009798670972991977,0.0004796260916908973,0.0012234887824960094,190.59368499864917,True,14.754720287243094,0.3235163110866062,0.7565915061911223,True
local_bump,0,7,-0.0007191494072651943,0.0006056751671323063,0.0008852458579222746,0.0005123081322400357,0.0012315166295050997,192.00308780296692,True,14.812647057768544,0.3949540565773196,0.936092322044008,True
local_bump,0,8,-0.0007191494072651943,0.0006056751671323063,0.0008852458579222746,0.0005123081322400357,0.0012315166295050997,192.00308780296692,True,14.812647057768544,,,False
local_bump,0,9,-0.001583217503203162,0.0005188195445684047,0.00047735403194521555,0.0005286947176471786,0.0010691927468210718,199.3131139745783,True,14.925710034351077,0.39947026914211015,1.038062303064537,True
local_bump,0,10,-0.001583217503203162,0.0005188195445684047,0.00047735403194521555,0.0005286947176471786,0.0010691927468210718,199.3131139745783,True,14.925710034351077,,,False
local_bump,0,11,-0.0015844895513353542,0.0005357801393954461,0.00046558770294173667,0.0005519624461857361,0.001122650757170924,200.92774495577547,True,14.908034705865065,0.424332106138244,0.9291056363091588,True
local_bump,0,12,-0.0015844895513353542,0.0005357801393954461,0.00046558770294173667,0.0005519624461857361,0.001122650757170924,200.92774495577547,True,14.908034705865065,,,False
local_bump,1,0,0.0014989655950655915,0.0009458264072374354,0.0018470878223037872,0.0005140274353972315,0.0022643634905301275,179.70214300358785,True,14.319866417169251,,,
local_bump,1,1,0.0011209709090346286,0.0008836942610400939,0.00170387524022173,0.0004994384198141319,0.0020720908442340554,180.81901932841595,True,14.574462732078329,0.26932833533687445,0.6836221905816997,True
local_bump,1,2,0.0003750383571712117,0.0007613139366149629,0.001404982430106642,0.0004800085030940919,0.0016893015397558009,176.50131009721474,True,14.927465375705196,0.29110713008382616,0.5999375582805596,True
local_bump,1,3,0.00010024542878877586,0.0007036904778401039,0.001301465188003832,0.0004415989490798432,0.001475442854676568,182.70053896338914,True,15.055778234292085,0.29254943653943644,0.5551733561338579,True
local_bump,1,4,9.152939668200964e-05,0.0007072115865686022,0.001299865725055445,0.0004497373066487306,0.001477197659295611,185.70729535813626,True,15.10216890619583,0.32145791637403254,0.48801484696462816,True
local_bump,1,5,8.093130204543013e-05,0.0007024227086355154,0.001296490962897744,0.00044273786709325377,0.0014580324452941416,198.87191438202944,True,15.099998439754557,0.2829603809359923,0.45384975919539977,True
local_bump,1,6,2.3875701123588465e-05,0.0006855915520297309,0.0012783635928045995,0.0004224846411018131,0.0013531678834048835,225.721439894847,True,15.133442487973259,0.34524200176564684,0.5911801159416081,True
local_bump,1,7,-1.1611782944936228e-05,0.0006826388241835682,0.0012732488520020887,0.00042036867306695597,0.0013432709523137707,223.45009451794553,True,15.248804916661845,0.291015655873323,1.2464005256419564,True
local_bump,1,8,-0.0005900921571473272,0.0005620908672981423,0.0010312346685806754,0.00035881978076644577,0.0009604165153327646,242.0125034778604,True,15.299835806598596,0.3642154060596255,0.5759655988496863,True
local_bump,1,9,-0.0006530424976644816,0.0005556092813844122,0.0010047053556062732,0.0003649918898201708,0.0009423674853174163,266.1979524642352,True,15.336783434602497,0.35082246801078565,0.4661407282745861,True
local_bump,1,10,-0.0008158959597187659,0.0005294608543187614,0.000930131214250019,0.00036588901349250897,0.000917405956416072,264.5857441933378,True,15.33049780200031,0.3064215152397057,0.6108241366913781,True
local_bump,1,11,-0.0008158959597187659,0.0005294608543187614,0.000930131214250019,0.00036588901349250897,0.000917405956416072,264.5857441933378,True,15.33049780200031,,,False
local_bump,1,12,-0.0008158959597187659,0.0005294608543187614,0.000930131214250019,0.00036588901349250897,0.000917405956416072,264.5857441933378,True,15.33049780200031,,,False
local_bump,2,0,0.00020848482788401578,0.0006837200049087426,0.0012690915469847578,0.00042568051098872177,0.0016179347858966962,182.00101538391402,True,14.115272694732646,,,
local_bump,2,1,-0.00010680686345109196,0.000640964505186942,0.0011624382661708488,0.000418719882470913,0.0014038609251669073,195.57340850459565,True,14.49141080527052,0.3109488002067328,0.9339142446548279,True
local_bump,2,2,-0.0003650838401158306,0.0005942251842021722,0.001094002885563384,0.000376573897170034,0.0012471523159733142,201.20833662386696,True,14.916071813051317,0.34376865082996316,0.7597456442319319,True
local_bump,2,3,-0.0012008212905636592,0.0004683768813697644,0.0007506859356614737,0.000364954166642825,0.0010346515893263138,210.3917784111137,True,15.28983576453575,0.40227561988253235,1.026895423134921,True
local_bump,2,4,-0.0012008212905636592,0.0004683768813697644,0.0007506859356614737,0.000364954166642825,0.0010346515893263138,210.3917784111137,True,15.28983576453575,,,False
local_bump,2,5,-0.0017978040313781887,0.000381860279670865,0.0005003698534241955,0.0003458820063395024,0.0008413465772353218,226.04555353107926,True,15.526742699419078,0.44944775070558984,1.303154716566474,True
local_bump,2,6,-0.0017978040313781887,0.000381860279670865,0.0005003698534241955,0.0003458820063395024,0.0008413465772353218,226.04555353107926,True,15.526742699419078,,,False
local_bump,2,7,-0.0020540765979835465,0.00033841399556726966,0.00038661202859250856,0.0003252274198257256,0.0007206843456071399,222.55258492305254,True,15.538614232234785,0.45202972312687406,0.8670754861857194,True
local_bump,2,8,-0.0020567007928202624,0.0003423743008065857,0.000383111523228541,0.00033138942056994836,0.0007452389613742365,223.65886310526147,True,15.539157057998244,0.3579830839327719,0.7119398001830606,True
local_bump,2,9,-0.002059143377315919,0.0003604591630741086,0.0003802122172414273,0.0003553405666077096,0.0007905394866189492,223.41237103619338,True,15.61497571143334,0.3845064527266112,1.2062289373338584,True
local_bump,2,10,-0.002127373644459448,0.0003467984544838078,0.0003542053342018514,0.00034491866273667066,0.0007323171553494464,220.20028194801654,True,15.647259836083405,0.5029355104101891,0.8220048329478041,True
local_bump,2,11,-0.0022259691650212965,0.00039463242560706393,0.00028478204019860294,0.0004176423922522036,0.0008874639416828848,224.30099104961903,True,15.737241824978879,0.5169253944453952,0.7344242167563098,True
local_bump,2,12,-0.0022798432994852293,0.00036094793112104813,0.00027909427138833316,0.00037868624544689305,0.0008101229210479359,225.97529153672033,True,15.785578163373469,0.535037666826325,0.6195047617055647,True
local_bump,3,0,-0.0011701716194272825,0.0003506869905107737,0.0007153777479878494,0.00016005948742685167,0.0007755794096033822,185.10517442217048,True,14.221537218577888,,,
local_bump,3,1,-0.0014119402995607182,0.00031875961547303034,0.0006524484701435312,0.0001429989850452306,0.0006919082454509806,192.50655991649785,True,14.688647923996408,0.27733675532836377,0.50849686012436,True
local_bump,3,2,-0.0014678460573662544,0.0003143447910473215,0.0006451349266922272,0.00013903327368835282,0.0006860127441478651,197.45780243353175,True,14.87845231397098,0.27697847900039574,0.5281696283161942,True
local_bump,3,3,-0.001845269787984235,0.0002477908351267432,0.0005017812872188933,0.00011714437177077218,0.0005965413255499121,200.92486812504558,True,15.106780022329653,0.2860564224038137,0.5786918135338355,True
local_bump,3,4,-0.0022169377475934424,0.00018295255975106132,0.0003570651595145951,9.962650185897693e-05,0.0003826435825624127,235.39183955618876,True,15.302304262232523,0.31870228022806946,1.3047916719096646,True
local_bump,3,5,-0.0022614957478134055,0.00018238480000732846,0.00034566836195398863,0.00010803576148278247,0.00036412519051239273,259.8684533420356,True,15.416835087178065,0.2997477336966331,0.6714660540890355,True
local_bump,3,6,-0.00229031798886931,0.00017791811332852639,0.00033925633424267696,0.00010372634635290801,0.0003650458018445406,265.08494930956067,True,15.479301602733942,0.32487383920542523,0.6024347486691228,True
local_bump,3,7,-0.0023272933734225926,0.00017125116828637198,0.0003291561733144932,9.766754984293746e-05,0.0003554851813541735,265.2778091882294,True,15.537417311703884,0.33586428470223695,1.0196039167923014,True
local_bump,3,8,-0.0023699492502175456,0.00018408182853588178,0.00031397453113150543,0.00013298484667074152,0.0002778814451959416,278.74784134125673,True,15.674419806733562,0.3877980763719536,0.7006851940996903,True
local_bump,3,9,-0.0023699492502175456,0.00018408182853588178,0.00031397453113150543,0.00013298484667074152,0.0002778814451959416,278.74784134125673,True,15.674419806733562,,,False
local_bump,3,10,-0.0023699492502175456,0.00018408182853588178,0.00031397453113150543,0.00013298484667074152,0.0002778814451959416,278.74784134125673,True,15.674419806733562,,,False
local_bump,3,11,-0.0024224186439126077,0.00019682797185125461,0.0002841533373304589,0.00016799646828046793,0.00036014931264715966,305.37208673368116,True,15.724651449126055,0.3224820213850552,0.86015341067066,True
local_bump,3,12,-0.0024301574637531362,0.000190846321338941,0.00028241869677167594,0.0001599039594428063,0.00032574126804882635,306.69811004989447,True,15.717391870598389,0.4073858884536393,0.48414499828558605,True
local_bump,4,0,0.0014381022136461538,0.0009521848875311794,0.0018139362121536553,0.0005565151287659568,0.001722518600511109,184.83048773535572,True,14.349323331846438,,,
local_bump,4,1,0.0009310429717426026,0.0008891812429979536,0.0016004591551473492,0.0005892190594884385,0.0016216897584941155,190.34120266138333,True,14.594938541389736,0.3096186266964339,0.5623712167687759,True
local_bump,4,2,0.00038839094459617446,0.0008254686354255243,0.0013509561632397147,0.0006284808150110917,0.001612189917314111,197.5765578911653,True,14.681732964114111,0.3804256938386329,0.8552764314601938,True
local_bump,4,3,0.0003325491100327491,0.000806430566278496,0.0013255622533588395,0.0006108686243525294,0.0015067340489798371,197.8406862227673,True,14.630858124798001,0.38981626539177183,0.6397487921857281,True
local_bump,4,4,0.0002864000642278774,0.000798744166378645,0.0013115652869187958,0.0006057857852413816,0.0015099283134938418,199.51297704147828,True,14.693699414752698,0.42143771258075174,0.7444416061275209,True
local_bump,4,5,0.00028315040633960847,0.0007915609935214861,0.001319004965334357,0.0005897382571275621,0.0014767433291598907,209.96323685529717,True,14.742848865252192,0.3454711801742969,0.6744600485999226,True
local_bump,4,6,0.0002256760528575128,0.0007742934484423977,0.0013048035319080178,0.0005686061629892965,0.0014552146207395204,210.10326022566505,True,14.812519648073588,0.4554146977121271,0.849989835815061,True
local_bump,4,7,0.0001974938021709659,0.000787651182613188,0.0012874057062077183,0.0006005796721423641,0.0014227392058162843,229.68241452720167,True,14.859289684632504,0.35400981813667526,0.7648458996571708,True
local_bump,4,8,0.00011887182551114555,0.0007904256546636698,0.0012520381959298214,0.0006234281083183533,0.0014956412145018833,234.47961143382645,True,14.939122458113472,0.31381478122355566,0.650296476558933,True
local_bump,4,9,-6.428517585722188e-05,0.0007719302160950025,0.001167396625309286,0.0006354631991504875,0.00149980928177867,234.17558811092985,True,14.979495743872015,0.41190134539506884,1.070325760259712,True
local_bump,4,10,-8.29496185038971e-05,0.0007812882891880084,0.0011592916138515202,0.0006532313053897157,0.0015795402805791252,233.83037407270635,True,15.04463696658609,0.4919985818025174,0.8261727397767283,True
local_bump,4,11,-0.00017628732496172096,0.0007732509627109932,0.0011193580082114079,0.0006586922447278404,0.0015294241278473737,231.64192658197084,True,15.101753014319094,0.5143449128250848,0.945886577129939,True
local_bump,4,12,-0.00028316183420677363,0.0007476331455743473,0.0010683129885219107,0.0006427455515680061,0.001446919506401039,232.06824200273417,True,15.03587004273328,0.5322822835941847,0.6287151916855921,True
mid_frequency_undulation,0,0,-0.0013206117338371891,0.00048692925412650265,0.0005773527110496106,0.00046151913446342496,0.001147536023769808,179.10859351655722,True,14.378217517027357,,,
mid_frequency_undulation,0,1,-0.001476694288818262,0.00043820212950951884,0.0005202346907929059,0.0004151285482704922,0.0010333947823520818,187.63538020021238,True,14.386652981473285,0.3172484391338743,0.8776017015534109,True
mid_frequency_undulation,0,2,-0.001775241631561599,0.0004223147845642564,0.0003885770517379885,0.0004303497356052947,0.0010133219772081611,192.20618119440618,True,14.58211980920567,0.2645000674963391,0.8958923679086769,True
mid_frequency_undulation,0,3,-0.0017829991563198346,0.0004227357962103475,0.00038698760375792385,0.00043122439013027744,0.0010248956688397412,192.87674800290108,True,14.608310097411705,0.26568530810653884,0.485881920084658,True
mid_frequency_undulation,0,4,-0.0018921016575750072,0.00041242326875491175,0.0003484425463743457,0.0004269472639613927,0.000947992659143632,197.4355537907301,True,14.745718185612292,0.28171186336038306,0.4579977719983983,True
mid_frequency_undulation,0,5,-0.0019361841332030212,0.0004090548713376388,0.0003221031339001283,0.0004280735363064622,0.0009716446162220062,202.99931193080715,True,14.705649011279487,0.31143540384835444,0.5506611284368057,True
mid_frequency_undulation,0,6,-0.0021605811214838767,0.0003885997951439379,0.00021757979455702155,0.0004206796437887158,0.0008616209142605653,229.04061197301806,True,14.758517682791522,0.37464028465612925,0.4549857902735207,True
mid_frequency_undulation,0,7,-0.0021743850655883937,0.0003824402300069673,0.00021346951396140513,0.0004140971300600263,0.0008597501996585378,230.25389317549283,True,14.758719482119801,0.31188066709314755,0.4445515973237993,True
mid_frequency_undulation,0,8,-0.0021743850655883937,0.0003824402300069673,0.00021346951396140513,0.0004140971300600263,0.0008597501996585378,230.25389317549283,True,14.758719482119801,,,False
mid_frequency_undulation,0,9,-0.0022137258859641212,0.00037685009547813926,0.00018986360883012067,0.0004105524115634338,0.0008371974286507265,232.51646095693246,True,14.709118288889917,0.369900001763798,0.4404965332959119,True
mid_frequency_undulation,0,10,-0.0022137258859641212,0.00037685009547813926,0.00018986360883012067,0.0004105524115634338,0.0008371974286507265,232.51646095693246,True,14.709118288889917,,,False
mid_frequency_undulation,0,11,-0.0022137258859641212,0.00037685009547813926,0.00018986360883012067,0.0004105524115634338,0.0008371974286507265,232.51646095693246,True,14.709118288889917,,,False
mid_frequency_undulation,0,12,-0.0022137258859641212,0.00037685009547813926,0.00018986360883012067,0.0004105524115634338,0.0008371974286507265,232.51646095693246,True,14.709118288889917,,,False
mid_frequency_undulation,1,0,-0.0008209801258945433,0.0004412763614928404,0.000870434707807592,0.00023184271669698096,0.0007712530981132721,179.10978565066222,True,14.362803484157142,,,
mid_frequency_undulation,1,1,-0.0009203182042642898,0.00042683877788892544,0.0008330221744487957,0.00023246236814210026,0.0007564591830739681,187.46294667933253,True,14.441240024417436,0.2994030340492773,0.565867724114528,True
mid_frequency_undulation,1,2,-0.0011951722725397928,0.0003962889895878245,0.0006938351871546504,0.0002753463506849261,0.0008596099893413704,194.00419844068702,True,14.375281791818603,0.3105986436144905,0.41817281911363385,True
mid_frequency_undulation,1,3,-0.0016034239533654934,0.0003552426793200532,0.0005068839936520538,0.00030570888566832613,0.0008302953326547974,191.805200705721,True,14.48201010470923,0.3131615845310771,0.47229549463724485,True
mid_frequency_undulation,1,4,-0.0016081106266197824,0.00035654901281078645,0.0005033339066337912,0.00030906106516134086,0.0008366332315782985,200.89503336817097,True,14.479136833515412,0.2695686976140679,0.47044949572948125,True
mid_frequency_undulation,1,5,-0.0019834487441806273,0.00033101975515413193,0.0003450004869219911,0.00032742513690410026,0.0007471711590837862,203.67682741308363,True,14.763597000702212,0.25934637983976117,0.5009074732766623,True
mid_frequency_undulation,1,6,-0.0019834487441806273,0.00033101975515413193,0.0003450004869219911,0.00032742513690410026,0.0007471711590837862,203.67682741308363,True,14.763597000702212,,,False
mid_frequency_undulation,1,7,-0.0019834487441806273,0.00033101975515413193,0.0003450004869219911,0.00032742513690410026,0.0007471711590837862,203.67682741308363,True,14.763597000702212,,,False
mid_frequency_undulation,1,8,-0.0020117352166707132,0.000309069371961624,0.0003500967175842521,0.00029791164388132,0.0006974731744841543,228.04943609414568,True,14.842417580816019,0.3358285576283165,0.6137046665934989,True
mid_frequency_undulation,1,9,-0.0021114016320874164,0.0002827471940473721,0.00031510832604963687,0.0002740453938467128,0.0006330028599597906,227.84746255449951,True,14.885496146633082,0.3047880568786425,0.6618816095617255,True
mid_frequency_undulation,1,10,-0.0021114016320874164,0.0002827471940473721,0.00031510832604963687,0.0002740453938467128,0.0006330028599597906,227.84746255449951,True,14.885496146633082,,,False
mid_frequency_undulation,1,11,-0.002184455170802925,0.0002581611208232791,0.0002901307099403023,0.00024951452610951684,0.0005580531587241707,230.31537815925756,True,14.896790525078815,0.3161952162573901,0.6831677468945447,True
mid_frequency_undulation,1,12,-0.0021963956169960886,0.00025614858226944185,0.00027617116150786597,0.0002508843011461749,0.0005609400977703372,232.1057556829627,True,14.817304240275412,0.28737792275085683,0.3848254338386876,True
mid_frequency_undulation,2,0,-0.0019515668930868229,0.0002181796612536987,0.0004013545417476678,0.0001385028386078531,0.000399842278813588,189.77588965156139,True,14.561262282868535,,,
mid_frequency_undulation,2,1,-0.0020474734509494602,0.00020507868535991496,0.0003604802624910042,0.0001415891130257595,0.00037793762419690685,193.4832542742505,True,14.597203109588664,0.3076531969608754,0.43884262867446555,True
mid_frequency_undulation,2,2,-0.002080436311002717,0.00020758804913149497,0.00036000262495978905,0.000146384812419692,0.0004124452737911731,197.1955689729599,True,14.770146081549107,0.3105606944880572,0.9718644699166078,True
mid_frequency_undulation,2,3,-0.002193629756384729,0.00019761954267849533,0.0003161780823878835,0.00015426810371084148,0.00043851407939461635,205.60778000508745,True,14.880893757404044,0.2831590344733812,0.9720933751433866,True
mid_frequency_undulation,2,4,-0.002370202021838378,0.0001781991048820072,0.0002459803625225361,0.0001566996030320806,0.0004066916358248263,210.34075514349746,True,15.017323986935384,0.3004721069199596,0.48799664043536334,True
mid_frequency_undulation,2,5,-0.002480977251247129,0.00015900419715873714,0.00019621338661599468,0.00014823069935989176,0.0003536775880673776,206.89514722922752,True,15.014881068227282,0.2860360566609764,0.46513762319561147,True
mid_frequency_undulation,2,6,-0.002480977251247129,0.00015900419715873714,0.00019621338661599468,0.00014823069935989176,0.0003536775880673776,206.89514722922752,True,15.014881068227282,,,False
mid_frequency_undulation,2,7,-0.002480977251247129,0.00015900419715873714,0.00019621338661599468,0.00014823069935989176,0.0003536775880673776,206.89514722922752,True,15.014881068227282,,,False
mid_frequency_undulation,2,8,-0.002480977251247129,0.00015900419715873714,0.00019621338661599468,0.00014823069935989176,0.0003536775880673776,206.89514722922752,True,15.014881068227282,,,False
mid_frequency_undulation,2,9,-0.0024813467684304813,0.00016473930985033193,0.00020452890226666765,0.0001531649309068293,0.000353112538140148,208.4137929738288,True,15.122322737370743,0.343095121054105,1.5515125518047148,True
mid_frequency_undulation,2,10,-0.0025195360704966894,0.00016619005403616284,0.00019314633811341264,0.00015872427790126649,0.00035998151492457303,211.27822669935688,True,15.215234250213326,0.38332435438448087,0.4794743695002587,True
mid_frequency_undulation,2,11,-0.0025195360704966894,0.00016619005403616284,0.00019314633811341264,0.00015872427790126649,0.00035998151492457303,211.27822669935688,True,15.215234250213326,,,False
mid_frequency_undulation,2,12,-0.0025278182529895484,0.0001771113688973843,0.0001956281139345914,0.00017216272417699513,0.00038271468857316456,211.378849524065,True,15.334208163329635,0.33795981937850994,1.5647316580811643,True
mid_frequency_undulation,3,0,-0.001632143686573864,0.00036254109612362156,0.0004873194931960632,0.0003238512252645299,0.0008033756625161207,187.15354463282253,True,14.481129225551012,,,
mid_frequency_undulation,3,1,-0.0019292482250054155,0.00032617006074456815,0.00037972095822243375,0.0003113205123078395,0.0006878682147668937,194.7702969998402,True,14.78951029230743,0.3341380747723123,0.5387438642164324,True
mid_frequency_undulation,3,2,-0.0020286431769168858,0.00031476872692598294,0.00032956541004844125,0.00031095300356693114,0.0006140998060822208,215.42703493199775,True,14.765539562162424,0.3472203823392776,0.48338174950152535,True
mid_frequency_undulation,3,3,-0.002048462569254608,0.0003161400347799859,0.00031752724064829666,0.0003157916857182947,0.0005990668594062509,216.55982271467883,True,14.760139996169714,0.3271834904067477,0.4882280439318286,True
mid_frequency_undulation,3,4,-0.0021260598748083486,0.000303760234521655,0.0002777349931864693,0.0003099357081637115,0.000597804064064626,215.31792711534231,True,14.718149233624857,0.3680870059090603,0.5538014856712878,True
mid_frequency_undulation,3,5,-0.0021616263349983384,0.00029990484638661816,0.00026660475070266343,0.0003076803437363988,0.0005733810114613107,210.790193673271,True,14.77374985092442,0.3089281690686285,0.4871442037071213,True
mid_frequency_undulation,3,6,-0.002227540956897202,0.0003004041910876945,0.0002363285448850219,0.000314412573278998,0.0006035103543978396,243.7933559161791,True,14.825764780110935,0.2970785924593936,0.4502461832409568,True
mid_frequency_undulation,3,7,-0.002298303569959647,0.00027368482234336566,0.00022916523467012633,0.0002837421878256157,0.000505767963074548,240.52583322512794,True,14.979720382213733,0.3920136617159037,1.119297118236656,True
mid_frequency_undulation,3,8,-0.002298303569959647,0.00027368482234336566,0.00022916523467012633,0.0002837421878256157,0.000505767963074548,240.52583322512794,True,14.979720382213733,,,False
mid_frequency_undulation,3,9,-0.0023140557049076537,0.000284289876352404,0.00021449049856494466,0.00029923112930189743,0.0006037961968040807,240.52455347199594,True,14.975765018026028,0.3482673884875948,0.747497972388215,True
mid_frequency_undulation,3,10,-0.0023140557049076537,0.000284289876352404,0.00021449049856494466,0.00029923112930189743,0.0006037961968040807,240.52455347199594,True,14.975765018026028,,,False
mid_frequency_undulation,3,11,-0.002322057820181285,0.00027485656812465265,0.00020931816365064117,0.00028895106690420886,0.0005803224462733914,243.42336833250386,True,14.92076495529812,0.3688651695907162,0.44157097426181025,True
mid_frequency_undulation,3,12,-0.00235495028834706,0.0002627956095328228,0.00019886611391221174,0.00027650065062660267,0.0005911277731489535,246.05815429863935,True,14.928241043087372,0.4001716361569685,0.4314868065363435,True
mid_frequency_undulation,4,0,-0.0009403176040004991,0.0004051298354791943,0.000808808935921847,0.00020349471080535452,0.0005758262338164484,184.3671605062421,True,14.208719854675552,,,
mid_frequency_undulation,4,1,-0.001015482529799487,0.0003816693374703512,0.0007816344975147202,0.0001707400572195765,0.0004898843248185144,185.58715806520138,True,14.215878438360352,0.26055816948402244,0.38412895666283514,True
mid_frequency_undulation,4,2,-0.001060969778042066,0.0003850549865691499,0.0007644525298507967,0.00019761242852640675,0.0005296369624977799,194.8207319972913,True,14.30130972417595,0.2854943989140836,0.4873770040804136,True
mid_frequency_undulation,4,3,-0.001077897648876904,0.0003877109943427006,0.0007567367539580196,0.00021108399063292336,0.0005581969431757277,196.41889629135096,True,14.327858190209703,0.27987781255125227,0.3823227981884856,True
mid_frequency_undulation,4,4,-0.0011591082477052169,0.0003718139428016744,0.0007142452757035044,0.00021239425218156336,0.0005532009593792721,212.17693964212742,True,14.261379752791871,0.286336508487175,0.3937323335844678,True
mid_frequency_undulation,4,5,-0.0017787104324355752,0.00028614080948573245,0.00044264216778758237,0.000230897995018054,0.0005600983831499638,217.43418639826353,True,14.418696261641674,0.32739995927085946,0.3815643421532232,True
mid_frequency_undulation,4,6,-0.0018792646926014877,0.00026654136357431483,0.0004126705447513277,0.00021491548205378853,0.0005075495491907652,221.30534693189543,True,14.546232819828793,0.33205856777167586,0.511440365651189,True
mid_frequency_undulation,4,7,-0.0018919353285223222,0.0002575238511312798,0.0004105444973234226,0.00020178635775703816,0.00046986461717112303,227.7795929738719,True,14.544832498509669,0.300240361388763,0.3806212665477757,True
mid_frequency_undulation,4,8,-0.001926593686076317,0.0002704716972300944,0.0003879479157587717,0.00023191525333240032,0.000566532534870927,226.98835795218218,True,14.573845137300694,0.32669276091940497,0.6727816611954676,True
mid_frequency_undulation,4,9,-0.0019535483139873737,0.0002606042617510766,0.00037933391717940754,0.00022110441966743263,0.0005005598409928381,226.42825823805103,True,14.57960161260177,0.33313523171501574,0.5947554542528841,True
mid_frequency_undulation,4,10,-0.0021925782417449545,0.00021874290916249734,0.00027771104562790335,0.00020128883284500264,0.0004853238346666549,241.4702743962647,True,14.625432926595364,0.3469430789222106,0.6604650491407777,True
mid_frequency_undulation,4,11,-0.002223628304429283,0.00022419011234230756,0.00027051388762968243,0.0002110029920788787,0.0004918259501824645,245.55087497919288,True,14.741345544432514,0.35154573622999385,0.45837507101051533,True
mid_frequency_undulation,4,12,-0.0022269702298195336,0.00022772825840289534,0.0002691081630413324,0.00021612867186044104,0.0004999502865369535,246.64806011950574,True,14.762742949244469,0.3477582771825548,0.4889216226619966,True
