family,index,seed,method,degree,global_rmse,local_rmse,p95_abs,condition
smooth_low_variation,0,20330513,regular_grid,3,0.0019878924009093892,0.002581700610563093,0.0036973607467005376,24.94365478273628
smooth_low_variation,0,20330513,regular_grid,5,0.0014725269762291928,0.0024219644460635437,0.0027275080106336667,327.43361648915993
smooth_low_variation,0,20330513,regular_grid,7,0.002076462996681346,0.004311015168298076,0.004023409999375129,7676.108739186785
smooth_low_variation,0,20330513,regular_grid,9,0.000592144120600973,0.0011169850856608584,0.0008983321877584901,7.740388647875343e+17
smooth_low_variation,0,20330513,regular_grid,11,0.0005532150985801249,0.0011189844088382646,0.0009853786145996668,4.049534361189323e+17
smooth_low_variation,0,20330513,random_uniform,3,0.002345524205887533,0.0033233725953896345,0.004956405074008624,23.787247683471534
smooth_low_variation,0,20330513,random_uniform,5,0.0046109844106944405,0.00842088499233128,0.004616606244215833,273.39383194305395
smooth_low_variation,0,20330513,random_uniform,7,0.0068154684671587005,0.013017651349595587,0.004249335601316802,6238.355865826184
smooth_low_variation,0,20330513,random_uniform,9,0.0042177220885815945,0.008444257587012997,0.001690784562929154,579856.9187677898
smooth_low_variation,0,20330513,random_uniform,11,0.003641928437225527,0.006510496531849522,0.004371635008329848,3639830.7984323055
smooth_low_variation,0,20330513,jittered_grid,3,0.002002275947235513,0.0024276246275766393,0.0036961383374114628,27.71112621495503
smooth_low_variation,0,20330513,jittered_grid,5,0.001707999031682268,0.003123518072527894,0.0029474556061733414,334.4299078276515
smooth_low_variation,0,20330513,jittered_grid,7,0.0005423537734738077,0.0009374019879577958,0.0007381259038384312,6193.549110497018
smooth_low_variation,0,20330513,jittered_grid,9,0.0018845082169870594,0.00399477135694945,0.001589702248336765,147820.0997905831
smooth_low_variation,0,20330513,jittered_grid,11,0.000903941046673534,0.001896723850208696,0.000869691027306079,317569.9176523841
smooth_low_variation,0,20330513,afp_baseline,3,0.0019827968093662786,0.0026241935418528095,0.0036259164405382004,18.133381676753835
smooth_low_variation,0,20330513,afp_baseline,5,0.0011674892389766187,0.0014326843417506612,0.002091290970574987,187.84068037714817
smooth_low_variation,0,20330513,afp_baseline,7,0.0005192622578748098,0.0007254633211586498,0.0010644496911608055,2097.637628235591
smooth_low_variation,0,20330513,afp_baseline,9,0.0003243826243287402,0.0005090380503718019,0.0007084205954241878,59955.87539364976
smooth_low_variation,0,20330513,afp_baseline,11,0.0006769989369486885,0.0014082174669857361,0.0009655424619285083,166476.20620260277
smooth_low_variation,0,20330513,hessian_weighted,3,0.001975332224724059,0.002509996267900865,0.003628962355925139,17.062212639410976
smooth_low_variation,0,20330513,hessian_weighted,5,0.0012282399966730168,0.0014990850775762968,0.002234547683639317,197.24514303143252
smooth_low_variation,0,20330513,hessian_weighted,7,0.0004334536073396267,0.0005296031296909735,0.0008360510587631154,2493.6705801546996
smooth_low_variation,0,20330513,hessian_weighted,9,0.00024275930443615483,0.00027500922876942115,0.0005908671645235852,44363.66815408162
smooth_low_variation,0,20330513,hessian_weighted,11,0.0004147762296193405,0.0006972390963391872,0.0008897793532685588,129915.99627396889
smooth_low_variation,0,20330513,afp_exchange,3,0.0020166135157088567,0.002412315621886544,0.003835628913904574,18.270736869758093
smooth_low_variation,0,20330513,afp_exchange,5,0.0012020696875051518,0.0014619441921476474,0.0023107232612945955,189.57646575788763
smooth_low_variation,0,20330513,afp_exchange,7,0.0005130202949554483,0.0008102311594618078,0.0008140113908386964,1994.0857372232792
smooth_low_variation,0,20330513,afp_exchange,9,0.00044159624699701897,0.0007279738101277002,0.0009015164520312945,33002.551093225404
smooth_low_variation,0,20330513,afp_exchange,11,0.0012343608049563066,0.0017785536535101958,0.002443102436286898,218057.42139380943
smooth_low_variation,1,20330514,regular_grid,3,0.0012823970558087212,0.0010654685249580755,0.0025154761819216045,24.94365478273628
smooth_low_variation,1,20330514,regular_grid,5,0.0006950089364389329,0.001131753469967582,0.0011877434209320175,327.43361648915993
smooth_low_variation,1,20330514,regular_grid,7,0.001029172760160146,0.0021173359950763114,0.002248083809568433,7676.108739186785
smooth_low_variation,1,20330514,regular_grid,9,0.00033366563694527975,0.0006725385229129111,0.000409373968892816,7.740388647875343e+17
smooth_low_variation,1,20330514,regular_grid,11,0.00038893607848651795,0.0007974432804109222,0.0005269205448739499,4.049534361189323e+17
smooth_low_variation,1,20330514,random_uniform,3,0.001564988013392264,0.0020236029208718204,0.0028162330081359394,26.782729424488625
smooth_low_variation,1,20330514,random_uniform,5,0.0016310195367907404,0.0030234128852362537,0.0017424054330847328,341.6092769946536
smooth_low_variation,1,20330514,random_uniform,7,0.0012725652707906883,0.0025072832777767954,0.0013223025130084136,8022.685634600243
smooth_low_variation,1,20330514,random_uniform,9,0.0002673414154531991,0.0005376753559932442,0.0003906221541779588,377222.91821851145
smooth_low_variation,1,20330514,random_uniform,11,0.0005217549199437252,0.0010295164458671911,0.0008124078232066173,1585325.365542602
smooth_low_variation,1,20330514,jittered_grid,3,0.0013170566162430386,0.00140708261424327,0.0025844216974605515,27.138140122480234
smooth_low_variation,1,20330514,jittered_grid,5,0.0008563010984711624,0.0014191475538502412,0.0011308941672745322,322.52608837446894
smooth_low_variation,1,20330514,jittered_grid,7,0.0011147333503363078,0.002271303016677926,0.0019355607770921435,6588.301193720263
smooth_low_variation,1,20330514,jittered_grid,9,0.0004831366629748658,0.0010378555076522597,0.0005204593917290628,127991.77208692546
smooth_low_variation,1,20330514,jittered_grid,11,0.0005880696083409324,0.0012006962657669226,0.0005819591639243764,287357.06184214924
smooth_low_variation,1,20330514,afp_baseline,3,0.0012853639306141804,0.0009926772910421851,0.0025533041679629592,17.632499216035097
smooth_low_variation,1,20330514,afp_baseline,5,0.0005434592850568635,0.0005932514752814242,0.0010808956940489363,184.92780925138842
smooth_low_variation,1,20330514,afp_baseline,7,0.00015708300977839118,0.0002397480397498938,0.00029573343696165377,2340.3098733699644
smooth_low_variation,1,20330514,afp_baseline,9,6.997090988372595e-05,0.00012220451051028186,0.00012794622938393967,69466.65845872041
smooth_low_variation,1,20330514,afp_baseline,11,0.00016045263074078935,0.00030905368911713304,0.00029921294045659247,145631.78648890014
smooth_low_variation,1,20330514,hessian_weighted,3,0.0013015853835320296,0.0009698819803880608,0.0026493611910924277,17.641511947813978
smooth_low_variation,1,20330514,hessian_weighted,5,0.0005316282990000134,0.0004952951546274303,0.0010043012027371643,201.81701610776773
smooth_low_variation,1,20330514,hessian_weighted,7,0.00017167504124681557,0.00023250694131904428,0.00034349017842685717,2513.507627870431
smooth_low_variation,1,20330514,hessian_weighted,9,8.506381821085261e-05,0.00010631106528496708,0.0001483433688801762,44681.46662069308
smooth_low_variation,1,20330514,hessian_weighted,11,0.0002020717361035452,0.00028391602356299465,0.00036662052838690173,124566.02075957993
smooth_low_variation,1,20330514,afp_exchange,3,0.001360647697908142,0.0009086680869749351,0.002967245406932919,18.6990375258162
smooth_low_variation,1,20330514,afp_exchange,5,0.0005355272859713488,0.0005045982126598693,0.0010626335034787057,211.90368708031687
smooth_low_variation,1,20330514,afp_exchange,7,0.00016858522286784504,0.00018110876227805673,0.0003734955110167627,2519.6211675044137
smooth_low_variation,1,20330514,afp_exchange,9,5.191278600192253e-05,6.807488973558521e-05,0.0001063744843158627,58835.559833899366
smooth_low_variation,1,20330514,afp_exchange,11,9.22816348151738e-05,0.0001606836288169386,0.00018065833379123374,149984.3187673354
smooth_low_variation,2,20330515,regular_grid,3,0.0010852005902493478,0.0012485659610756263,0.0018293757854775314,24.94365478273628
smooth_low_variation,2,20330515,regular_grid,5,0.0006159602480117527,0.0007497697557734429,0.0011535198654128401,327.43361648915993
smooth_low_variation,2,20330515,regular_grid,7,0.0009896459476133644,0.002002961135317981,0.0018263504684964522,7676.108739186785
smooth_low_variation,2,20330515,regular_grid,9,0.0008157005278333885,0.0013863051611409712,0.001863801592936927,7.740388647875343e+17
smooth_low_variation,2,20330515,regular_grid,11,0.0006587886481552587,0.0010874858654757562,0.00159833249076015,4.049534361189323e+17
smooth_low_variation,2,20330515,random_uniform,3,0.0010872104464261158,0.0014135944702304529,0.0019031607694290026,23.24438107990041
smooth_low_variation,2,20330515,random_uniform,5,0.000698002057898034,0.0010510669537858086,0.0013401774428699242,258.2606977716536
smooth_low_variation,2,20330515,random_uniform,7,0.0005198068764278104,0.0010178462947767444,0.0007824580368598275,3545.0695339849008
smooth_low_variation,2,20330515,random_uniform,9,0.0003954122884380252,0.0008090435334570493,0.0005825625716249444,219372.11244463464
smooth_low_variation,2,20330515,random_uniform,11,0.0007318721724498054,0.0015061095599575563,0.0009288120656798147,769827.3475231158
smooth_low_variation,2,20330515,jittered_grid,3,0.001081914626425441,0.0012610918806425769,0.0018097397777347437,22.085359087596206
smooth_low_variation,2,20330515,jittered_grid,5,0.0007042819479674038,0.0010699762916577687,0.0012239263761974852,242.8939424354079
smooth_low_variation,2,20330515,jittered_grid,7,0.0006313876738267961,0.001254830640037857,0.0008449553325492083,3585.4657183676172
smooth_low_variation,2,20330515,jittered_grid,9,0.0009741469744141053,0.002068170956646144,0.0012648277579880378,117444.59460948239
smooth_low_variation,2,20330515,jittered_grid,11,0.0013636939898265597,0.0027415457385426755,0.0027718163379577016,331433.6519921544
smooth_low_variation,2,20330515,afp_baseline,3,0.001074094909776741,0.001273746768131672,0.0018388273563512793,17.70519331428801
smooth_low_variation,2,20330515,afp_baseline,5,0.0005991798876306643,0.0007024720013937816,0.0011140138859375833,177.86385433206425
smooth_low_variation,2,20330515,afp_baseline,7,0.00023661690099931472,0.0003270116892500093,0.00042354054240905086,2081.145499631576
smooth_low_variation,2,20330515,afp_baseline,9,0.00014867297802032922,0.0003049963882780366,0.00018590011485375207,36438.95471922076
smooth_low_variation,2,20330515,afp_baseline,11,0.0004167008457034845,0.000758491764313576,0.000824909405875597,257293.89180480552
smooth_low_variation,2,20330515,hessian_weighted,3,0.0011113131360845508,0.0012734279418869286,0.0019527988771947612,18.30120804418354
smooth_low_variation,2,20330515,hessian_weighted,5,0.0006516099977091357,0.000709934930738109,0.0012513359055147345,233.54107951626938
smooth_low_variation,2,20330515,hessian_weighted,7,0.0002557246719691126,0.000254727691344104,0.0005084824155537765,2711.0807031433906
smooth_low_variation,2,20330515,hessian_weighted,9,0.00029271402912014056,0.00042864374118839076,0.0006787453111898539,75227.92417880528
smooth_low_variation,2,20330515,hessian_weighted,11,0.00032651095107530685,0.00047423544016215986,0.00080146321199268,67686.57848516329
smooth_low_variation,2,20330515,afp_exchange,3,0.001094359774280807,0.0012334108123947538,0.0019354847945960386,18.215555963690367
smooth_low_variation,2,20330515,afp_exchange,5,0.0006201778881628986,0.0006263730937847176,0.0011999507815190179,184.75847485374842
smooth_low_variation,2,20330515,afp_exchange,7,0.000245225791941736,0.00030019041407199277,0.0004575234390049247,2126.796625333066
smooth_low_variation,2,20330515,afp_exchange,9,0.00016011880413338247,0.00023995731964175345,0.0003657969536243987,75100.75000263829
smooth_low_variation,2,20330515,afp_exchange,11,0.0005358750112488774,0.0008878348472539525,0.0011410057583395243,170203.29382760174
smooth_low_variation,3,20330516,regular_grid,3,0.0011020233322799062,0.0013234281501907105,0.0020583848193484505,24.94365478273628
smooth_low_variation,3,20330516,regular_grid,5,0.0008037481708477723,0.0013762801408575662,0.001491552393535613,327.43361648915993
smooth_low_variation,3,20330516,regular_grid,7,0.0012992037849226185,0.0026813221961897176,0.0028951206882977536,7676.108739186785
smooth_low_variation,3,20330516,regular_grid,9,0.0002649283855042462,0.0005180898317839401,0.0004948777778806398,7.740388647875343e+17
smooth_low_variation,3,20330516,regular_grid,11,0.00032768748208867476,0.0006796334523969731,0.00048474549772479494,4.049534361189323e+17
smooth_low_variation,3,20330516,random_uniform,3,0.0011787715850292994,0.0013525926026777308,0.002294739229809397,23.481600919100774
smooth_low_variation,3,20330516,random_uniform,5,0.0007039614307327305,0.0011198517783077724,0.0014319277466311167,258.28258544844203
smooth_low_variation,3,20330516,random_uniform,7,0.00026956053292975264,0.0005129972974942662,0.0005526154448790722,4174.344624094842
smooth_low_variation,3,20330516,random_uniform,9,0.00014580697909726575,0.00030052264241338936,0.00028547510987532703,157385.35243909003
smooth_low_variation,3,20330516,random_uniform,11,0.00025253912209505133,0.0005415336563080935,0.00043289527882953236,529463.4202684998
smooth_low_variation,3,20330516,jittered_grid,3,0.0010773945382656944,0.0012869416843419358,0.001967278525715654,26.17447667017043
smooth_low_variation,3,20330516,jittered_grid,5,0.0008557700185666427,0.0015010865245543637,0.0017631557994761135,299.94676535182305
smooth_low_variation,3,20330516,jittered_grid,7,0.00036029150498571497,0.0007240784686439348,0.0007021230091425424,4501.363686780717
smooth_low_variation,3,20330516,jittered_grid,9,0.000990598483112148,0.0021105929926171483,0.0017496403847602777,79957.30125023426
smooth_low_variation,3,20330516,jittered_grid,11,0.000708748413916421,0.0015198874001925635,0.0006048698540079968,296031.77708491177
smooth_low_variation,3,20330516,afp_baseline,3,0.0010420750611507491,0.0012531208089495002,0.0019358360972389983,17.881674230244606
smooth_low_variation,3,20330516,afp_baseline,5,0.0005774371430986848,0.00075968388378223,0.001099856725778893,172.3284719482455
smooth_low_variation,3,20330516,afp_baseline,7,0.00023744363855094104,0.0003905542922358619,0.0004310654251171841,2518.9612053081337
smooth_low_variation,3,20330516,afp_baseline,9,0.0001295696434593253,0.000281519624342292,0.00011857909427013375,63920.89437710476
smooth_low_variation,3,20330516,afp_baseline,11,0.0001265951616388297,0.0002331786148113205,0.0002579831308911931,162850.98873171574
smooth_low_variation,3,20330516,hessian_weighted,3,0.0010705993769890825,0.0012783721038667189,0.0020053437395348484,17.55377030448548
smooth_low_variation,3,20330516,hessian_weighted,5,0.0006137863706569769,0.0006673246165348208,0.001210852143308041,216.14889340472976
smooth_low_variation,3,20330516,hessian_weighted,7,0.00024400903005507738,0.00032749157075048985,0.00039250103800688016,2561.339165909062
smooth_low_variation,3,20330516,hessian_weighted,9,5.045187988329322e-05,7.139176399089729e-05,0.00011002455417604556,50631.999965368144
smooth_low_variation,3,20330516,hessian_weighted,11,9.332336519328908e-05,0.00012180826338126054,0.00022274080840713022,63342.844550683214
smooth_low_variation,3,20330516,afp_exchange,3,0.0010589622536388151,0.001250717964573814,0.0019194372775115025,18.134746346758035
smooth_low_variation,3,20330516,afp_exchange,5,0.0006523191533806246,0.0006638682797132179,0.0013398856824084718,183.03577864410812
smooth_low_variation,3,20330516,afp_exchange,7,0.00019725664231420943,0.00023858836772051663,0.00041114151604543757,2668.4723858702796
smooth_low_variation,3,20330516,afp_exchange,9,0.00015391751772308917,0.00014298848918351526,0.0003067870039016496,40671.49388953231
smooth_low_variation,3,20330516,afp_exchange,11,0.0001316685359794163,0.00017793365152826558,0.0003047519319753076,131721.85979123667
smooth_low_variation,4,20330517,regular_grid,3,0.0005333427955839505,0.000645231112295802,0.0009915571633568512,24.94365478273628
smooth_low_variation,4,20330517,regular_grid,5,0.00013267855073788618,0.00017090227851422835,0.00024180835580213172,327.43361648915993
smooth_low_variation,4,20330517,regular_grid,7,0.00020353748909718785,0.00042324334516020555,0.0004384468025013825,7676.108739186785
smooth_low_variation,4,20330517,regular_grid,9,8.195275380068142e-05,0.00016242189403400397,0.0001413318024394059,7.740388647875343e+17
smooth_low_variation,4,20330517,regular_grid,11,8.586768581807613e-05,0.0001748965236627549,0.00017322900418659931,4.049534361189323e+17
smooth_low_variation,4,20330517,random_uniform,3,0.0005647416437375771,0.0006214022322340332,0.0010174166800230016,21.612168964764315
smooth_low_variation,4,20330517,random_uniform,5,0.0001648183488591338,0.00024245384225219497,0.00031984171159076024,241.49194714289155
smooth_low_variation,4,20330517,random_uniform,7,3.745385690028461e-05,6.333992929718496e-05,8.741424946337537e-05,5921.10935648567
smooth_low_variation,4,20330517,random_uniform,9,2.7528077094004627e-05,5.710712355612746e-05,3.923235423162699e-05,371812.9482873158
smooth_low_variation,4,20330517,random_uniform,11,3.429025829582301e-05,6.663295551312124e-05,7.747132791815483e-05,8229929.39877694
smooth_low_variation,4,20330517,jittered_grid,3,0.0005302430388858485,0.0006588895197738987,0.0009549037047327411,25.44623250255811
smooth_low_variation,4,20330517,jittered_grid,5,0.00012729989676978204,0.00016778264965030827,0.0002399241876246776,301.49883669060966
smooth_low_variation,4,20330517,jittered_grid,7,2.2523773506434208e-05,3.670074689118835e-05,3.1368781646034724e-05,4915.708578128947
smooth_low_variation,4,20330517,jittered_grid,9,4.0253265974627294e-05,8.397811205133632e-05,4.180786762898042e-05,106106.5933560126
smooth_low_variation,4,20330517,jittered_grid,11,0.0001518629220352922,0.00031515145043170187,0.00010398329855613921,342966.1545834994
smooth_low_variation,4,20330517,afp_baseline,3,0.0005401975493671805,0.0006082595313144151,0.000996280370443692,18.15705681099744
smooth_low_variation,4,20330517,afp_baseline,5,0.00013230731944504165,0.00015461534281136324,0.00024947749106760846,182.96686108901721
smooth_low_variation,4,20330517,afp_baseline,7,1.882489262199943e-05,3.0422424331615057e-05,3.407650306360864e-05,2048.729686844334
smooth_low_variation,4,20330517,afp_baseline,9,3.6120405537606614e-06,7.01863172104983e-06,7.755790970215997e-06,37107.341217681154
smooth_low_variation,4,20330517,afp_baseline,11,1.672717071388965e-05,3.114056108527577e-05,3.149810462251204e-05,163689.3955090984
smooth_low_variation,4,20330517,hessian_weighted,3,0.000609433021197729,0.0005268876562017501,0.001222933529069378,18.259186685093407
smooth_low_variation,4,20330517,hessian_weighted,5,0.00013460502682864541,0.0001377826909826241,0.00026248576914258357,208.85724765723657
smooth_low_variation,4,20330517,hessian_weighted,7,1.8634202782731045e-05,1.9193962169919992e-05,3.832000348700821e-05,2469.600493725154
smooth_low_variation,4,20330517,hessian_weighted,9,4.050337111674771e-06,6.415299663028875e-06,8.48790537671494e-06,46251.42087966451
smooth_low_variation,4,20330517,hessian_weighted,11,2.073602672736624e-05,3.0621363130204045e-05,3.80830864371032e-05,63779.090682672664
smooth_low_variation,4,20330517,afp_exchange,3,0.0005832135634531868,0.0005595292038415426,0.0011120776971712723,18.907211429699107
smooth_low_variation,4,20330517,afp_exchange,5,0.0001403555464200582,0.0001429142383672395,0.0002651220826499982,192.28319953777049
smooth_low_variation,4,20330517,afp_exchange,7,1.8426313853034103e-05,2.837821373127497e-05,3.140322793701361e-05,1859.0090390260327
smooth_low_variation,4,20330517,afp_exchange,9,4.610076239050663e-06,8.722662755764466e-06,5.453037293968007e-06,33455.90282591139
smooth_low_variation,4,20330517,afp_exchange,11,2.48652929415854e-05,4.715756537634221e-05,3.7855451485292995e-05,151547.41484059725
edge_rolloff,0,20331513,regular_grid,3,0.003558354074187164,0.006046654186613783,0.006170973861447347,24.94365478273628
edge_rolloff,0,20331513,regular_grid,5,0.003713978252934895,0.007277646560333797,0.00847048869436921,327.43361648915993
edge_rolloff,0,20331513,regular_grid,7,0.009036221347065262,0.018189608929668602,0.02054919992948902,7676.108739186785
edge_rolloff,0,20331513,regular_grid,9,0.0030089142908303035,0.005700281985804982,0.005997510636309211,7.740388647875343e+17
edge_rolloff,0,20331513,regular_grid,11,0.0026808905628965397,0.0051070475280485805,0.005390529071938618,4.049534361189323e+17
edge_rolloff,0,20331513,random_uniform,3,0.002453079253309257,0.0043927172824293845,0.0059148984298736185,24.333494725167018
edge_rolloff,0,20331513,random_uniform,5,0.0015199288106860572,0.0028770462655081383,0.003411878966142705,307.17656515105983
edge_rolloff,0,20331513,random_uniform,7,0.0008789809506013498,0.0018170989677428037,0.0017169839102756824,4346.427750034432
edge_rolloff,0,20331513,random_uniform,9,0.004143596232229247,0.008751293186220997,0.0075970000755189206,262706.64758292516
edge_rolloff,0,20331513,random_uniform,11,0.00225520253880612,0.004695364084047006,0.004811270796330898,2188431.589157033
edge_rolloff,0,20331513,jittered_grid,3,0.0033446134337790532,0.005928319366238192,0.006160035634480282,26.30966073754563
edge_rolloff,0,20331513,jittered_grid,5,0.004356870501213226,0.008551304097980104,0.010215632614851882,345.36393596247245
edge_rolloff,0,20331513,jittered_grid,7,0.003824752246192778,0.007740608661412047,0.007726556873916136,5399.520443328137
edge_rolloff,0,20331513,jittered_grid,9,0.004161018882995358,0.008960206202225795,0.006243123512218868,95136.1458426072
edge_rolloff,0,20331513,jittered_grid,11,0.0010803021256325946,0.00200775656147893,0.002271135270810345,383685.560112654
edge_rolloff,0,20331513,afp_baseline,3,0.0025397346258298056,0.0031910986258263238,0.005191027147151439,17.614080694056586
edge_rolloff,0,20331513,afp_baseline,5,0.0012274648008807805,0.0016797911321207012,0.002553635027787188,166.6607993682256
edge_rolloff,0,20331513,afp_baseline,7,0.0004258018355157091,0.0007212425011908694,0.0008116492945078348,2573.128340258817
edge_rolloff,0,20331513,afp_baseline,9,0.0007922579272961952,0.0017062652044846484,0.0009243005444112189,49551.72061862989
edge_rolloff,0,20331513,afp_baseline,11,0.0007584084368133748,0.0016020962050833979,0.000943145745572708,246588.53634468594
edge_rolloff,0,20331513,hessian_weighted,3,0.002834611173926453,0.003086475170687649,0.005641440575671068,18.754637429143163
edge_rolloff,0,20331513,hessian_weighted,5,0.0013432447361171557,0.0017741052403993408,0.0028003806167901566,222.73388852630447
edge_rolloff,0,20331513,hessian_weighted,7,0.0004719907500830056,0.000791650763952607,0.0009521188653711858,2492.694721688805
edge_rolloff,0,20331513,hessian_weighted,9,0.00035002878187901135,0.0006257525742527773,0.000628935489424554,56012.90149405529
edge_rolloff,0,20331513,hessian_weighted,11,0.000348645746484233,0.0005413360713831301,0.0008573943181825541,83043.21339492648
edge_rolloff,0,20331513,afp_exchange,3,0.002505483750018294,0.0031442787800080936,0.005066387779472912,18.812157802502643
edge_rolloff,0,20331513,afp_exchange,5,0.001205231289014218,0.0015561795578171466,0.002379876432127828,161.77321584935572
edge_rolloff,0,20331513,afp_exchange,7,0.00041749871178530944,0.0006723697001650634,0.0007760626246772428,2203.09406988674
edge_rolloff,0,20331513,afp_exchange,9,0.0005935468853708295,0.0011737955710932923,0.0008353347192074213,26378.613020192777
edge_rolloff,0,20331513,afp_exchange,11,0.0012278735458309742,0.0025667014477756146,0.0013937046519295535,190544.82759434351
edge_rolloff,1,20331514,regular_grid,3,0.0029124677144601254,0.005335062646685987,0.0050508639005197795,24.94365478273628
edge_rolloff,1,20331514,regular_grid,5,0.0030398441329165453,0.006578462498253906,0.0069329876504902535,327.43361648915993
edge_rolloff,1,20331514,regular_grid,7,0.007396032654906978,0.016458952531234132,0.016819259718824562,7676.108739186785
edge_rolloff,1,20331514,regular_grid,9,0.0024623788131420206,0.00510126787046744,0.004908629740118354,7.740388647875343e+17
edge_rolloff,1,20331514,regular_grid,11,0.002193449013784928,0.004557178099873674,0.004412356989378525,4.049534361189323e+17
edge_rolloff,1,20331514,random_uniform,3,0.00199603048654298,0.0030277858421288413,0.00411151977735232,20.85001519895053
edge_rolloff,1,20331514,random_uniform,5,0.0012440042258818245,0.0018446600577239215,0.0025352682527399004,208.33410963845756
edge_rolloff,1,20331514,random_uniform,7,0.0004993605268525999,0.0008559578041198715,0.0009086362943431733,2441.9094931670343
edge_rolloff,1,20331514,random_uniform,9,0.0010307269821235314,0.0020827045181729185,0.0014613392372393728,141957.44078951344
edge_rolloff,1,20331514,random_uniform,11,0.0005608247795869281,0.0011672154797804878,0.0009800856152701654,1217328.5586170424
edge_rolloff,1,20331514,jittered_grid,3,0.002690966585972567,0.0049545075276970505,0.004990853675523211,24.552681893278624
edge_rolloff,1,20331514,jittered_grid,5,0.0021712366062355826,0.0046153016583928355,0.004083765890867308,294.0916726371994
edge_rolloff,1,20331514,jittered_grid,7,0.0014177204621131565,0.003128472760856904,0.0024708911974416223,4620.061817013743
edge_rolloff,1,20331514,jittered_grid,9,0.0012566017884661836,0.002745073465655804,0.001209489191608997,91522.1850668466
edge_rolloff,1,20331514,jittered_grid,11,0.001118701946626978,0.0023748138447106516,0.00186104374349625,205646.28686175993
edge_rolloff,1,20331514,afp_baseline,3,0.0020659167204983403,0.0026719488063086964,0.0042720969365879794,18.547339105522713
edge_rolloff,1,20331514,afp_baseline,5,0.0010091289415683426,0.0014952990597670976,0.002017956883137442,196.5712394841502
edge_rolloff,1,20331514,afp_baseline,7,0.0003486436785079943,0.0005310546336368979,0.0006036964419591738,2061.826124775606
edge_rolloff,1,20331514,afp_baseline,9,0.00025016986327307104,0.0004238537659413001,0.0004864350421836637,70461.82909272684
edge_rolloff,1,20331514,afp_baseline,11,0.00036667287685328574,0.0005435076895740886,0.0007182422697490071,240156.8768309955
edge_rolloff,1,20331514,hessian_weighted,3,0.002311740504861717,0.002904899226201896,0.004678293255527389,17.177120637563238
edge_rolloff,1,20331514,hessian_weighted,5,0.001060874882138518,0.00159335228219098,0.0021256733564338944,197.26508745990682
edge_rolloff,1,20331514,hessian_weighted,7,0.0003478298792433931,0.0005410358333462258,0.0005643125091262685,1837.8944222072641
edge_rolloff,1,20331514,hessian_weighted,9,0.00026108440678057734,0.00042538097060368553,0.0005746504914121352,28303.057568468932
edge_rolloff,1,20331514,hessian_weighted,11,0.00032581118329246846,0.000528895698745791,0.0006349727915136108,86865.48940115857
edge_rolloff,1,20331514,afp_exchange,3,0.002046859004528221,0.0027292189718990455,0.0044031866677346375,20.216070120416468
edge_rolloff,1,20331514,afp_exchange,5,0.0009954032230516364,0.0014577369390659032,0.0019628192647884856,212.35601674521303
edge_rolloff,1,20331514,afp_exchange,7,0.0003489567706760837,0.0005258252983315981,0.0006049412059434397,2392.1889578308774
edge_rolloff,1,20331514,afp_exchange,9,0.00028915301595920477,0.0005164762577572552,0.0006372379026604832,53300.42795776474
edge_rolloff,1,20331514,afp_exchange,11,0.0004563016020608187,0.0006834176177754432,0.0008238927071593867,116397.93953992796
edge_rolloff,2,20331515,regular_grid,3,0.0042800281823241,0.0069134977638923845,0.007422516559318039,24.94365478273628
edge_rolloff,2,20331515,regular_grid,5,0.004467214690364289,0.00832530092895205,0.010188398788564194,327.43361648915993
edge_rolloff,2,20331515,regular_grid,7,0.010868868361494692,0.020974948346258383,0.024716808097456612,7676.108739186785
edge_rolloff,2,20331515,regular_grid,9,0.0036189341323409133,0.006604836930062955,0.00721372683539508,7.740388647875343e+17
edge_rolloff,2,20331515,regular_grid,11,0.0032241223488220336,0.005907228804126247,0.006483948505019564,4.049534361189323e+17
edge_rolloff,2,20331515,random_uniform,3,0.003173775433470693,0.005175657377089974,0.006145284074593851,19.407491395229716
edge_rolloff,2,20331515,random_uniform,5,0.0017556473733498913,0.00300150645049881,0.003356890668545086,206.7121985199121
edge_rolloff,2,20331515,random_uniform,7,0.0011556055110324012,0.0022598712478125536,0.001335208032640067,3637.5810134523426
edge_rolloff,2,20331515,random_uniform,9,0.004722737309794034,0.009682936839080922,0.003967622099241982,184864.34977200185
edge_rolloff,2,20331515,random_uniform,11,0.0029346892997160045,0.006090810660216725,0.0039602151605916324,9642753.575681107
edge_rolloff,2,20331515,jittered_grid,3,0.003390628973797115,0.0056763649464897864,0.00684134539845551,26.790217405094744
edge_rolloff,2,20331515,jittered_grid,5,0.0022264292625072176,0.003967124691378811,0.003997769695046954,324.59864327880194
edge_rolloff,2,20331515,jittered_grid,7,0.0018561789314471835,0.0035590371808868634,0.0028595522467306815,3942.7249124137556
edge_rolloff,2,20331515,jittered_grid,9,0.001773455249788198,0.0036423939981604946,0.001877241278623638,90703.33529389488
edge_rolloff,2,20331515,jittered_grid,11,0.001179380164212475,0.0022484382232472854,0.002457562746473802,401983.09258586686
edge_rolloff,2,20331515,afp_baseline,3,0.0030867809389127166,0.004208936677505898,0.006303893711040084,18.22219356136546
edge_rolloff,2,20331515,afp_baseline,5,0.001491061221033546,0.0021127305785771286,0.0031140784483103135,189.77867207197366
edge_rolloff,2,20331515,afp_baseline,7,0.0006019949538023053,0.0010186035993910343,0.0011904386069589382,2308.8959281663974
edge_rolloff,2,20331515,afp_baseline,9,0.0005348443480516042,0.001028324824459806,0.0009655934521598114,83697.1959067898
edge_rolloff,2,20331515,afp_baseline,11,0.000414299728202244,0.0008104114525501338,0.0008267656852056961,201463.76904960765
edge_rolloff,2,20331515,hessian_weighted,3,0.0032015522821610687,0.004200097997524814,0.006593021834230747,19.160356994958377
edge_rolloff,2,20331515,hessian_weighted,5,0.0014750452704014407,0.0020950212468469997,0.0030559661119172114,193.3363594911794
edge_rolloff,2,20331515,hessian_weighted,7,0.0005152618701736427,0.0009033416901077373,0.0008353861445650952,1882.8991524877615
edge_rolloff,2,20331515,hessian_weighted,9,0.0006796080478141025,0.0013547676814761151,0.0009330227705790914,36242.32501429045
edge_rolloff,2,20331515,hessian_weighted,11,0.0005654256564063901,0.0009427509977773507,0.0013153226553032768,1405258.2346682118
edge_rolloff,2,20331515,afp_exchange,3,0.0029758908007808996,0.004212080038472077,0.006134436516068896,18.89055385751505
edge_rolloff,2,20331515,afp_exchange,5,0.0014763741797377615,0.002047851436326115,0.003053327145059175,185.57422565203078
edge_rolloff,2,20331515,afp_exchange,7,0.0005323307250021051,0.0008630720837350685,0.0009969069974794852,2206.7684165930696
edge_rolloff,2,20331515,afp_exchange,9,0.0008579281642921583,0.0016705033581682323,0.0013430711466524618,56529.41450516329
edge_rolloff,2,20331515,afp_exchange,11,0.0003717032341168176,0.0006851624581616109,0.0007344296879593999,192964.794023191
edge_rolloff,3,20331516,regular_grid,3,0.0035051816311047323,0.0062500557579850185,0.006078761071523598,24.94365478273628
edge_rolloff,3,20331516,regular_grid,5,0.0036584803200034547,0.007813856915502997,0.008343914282722189,327.43361648915993
edge_rolloff,3,20331516,regular_grid,7,0.008901193196352434,0.019631598156013525,0.020242133473504852,7676.108739186785
edge_rolloff,3,20331516,regular_grid,9,0.0029640578021169024,0.006138220635645771,0.005907963704289384,7.740388647875343e+17
edge_rolloff,3,20331516,regular_grid,11,0.002641060208726787,0.005492016760558199,0.005309902255481822,4.049534361189323e+17
edge_rolloff,3,20331516,random_uniform,3,0.0024106664289214215,0.004718385110077251,0.005754358192115876,22.366450383659917
edge_rolloff,3,20331516,random_uniform,5,0.0014965779471654591,0.0027045540562821704,0.003109528630408333,246.6316559197991
edge_rolloff,3,20331516,random_uniform,7,0.0008680834450635949,0.0017853433059309511,0.0018851332222884747,4172.216265722002
edge_rolloff,3,20331516,random_uniform,9,0.0004880883527342652,0.0010632940700709764,0.0009912050892025035,99094.28485982146
edge_rolloff,3,20331516,random_uniform,11,0.00139974362022996,0.0029933346043670176,0.002767615119420076,1535107.2071579427
edge_rolloff,3,20331516,jittered_grid,3,0.0030607341956050784,0.005690728265901225,0.0058806251341706126,25.239793851034683
edge_rolloff,3,20331516,jittered_grid,5,0.002520381850081984,0.005330783380991523,0.0047327736635593845,300.3253425674988
edge_rolloff,3,20331516,jittered_grid,7,0.00275719216797261,0.006084596969391561,0.004938659017029625,5342.253342198201
edge_rolloff,3,20331516,jittered_grid,9,0.012585558345923672,0.027968135066040987,0.0163590399570726,185950.75772930964
edge_rolloff,3,20331516,jittered_grid,11,0.001227037454127743,0.0026957537632244883,0.0018642366465886693,411263.28681202926
edge_rolloff,3,20331516,afp_baseline,3,0.0025054648890520995,0.0032359091880741074,0.0051123151129339834,17.692258730182235
edge_rolloff,3,20331516,afp_baseline,5,0.0012031980291738222,0.001692783639155069,0.0023411584941475834,163.87656076956137
edge_rolloff,3,20331516,afp_baseline,7,0.00039541355550146444,0.0007086305451574209,0.0006839781878215968,2029.201316419981
edge_rolloff,3,20331516,afp_baseline,9,0.00034172710380795437,0.0007009261790321081,0.0006933566866411847,45914.69848534507
edge_rolloff,3,20331516,afp_baseline,11,0.0005276229326875675,0.0011051954497464424,0.000900699133351536,157266.33503649812
edge_rolloff,3,20331516,hessian_weighted,3,0.0026361861866249477,0.0030891263640847036,0.005163358255033289,19.130977502383335
edge_rolloff,3,20331516,hessian_weighted,5,0.0012684833601082296,0.001664749400258473,0.0026637857040469506,234.89641802013
edge_rolloff,3,20331516,hessian_weighted,7,0.0005619417339158417,0.0008891590213752081,0.001129621045095263,2599.462658860705
edge_rolloff,3,20331516,hessian_weighted,9,0.0008421538749712616,0.0014593404565065747,0.0016479409693765357,42161.566502584064
edge_rolloff,3,20331516,hessian_weighted,11,0.00037915083838680483,0.0006704431277422573,0.0008100821154069559,71459.74312253247
edge_rolloff,3,20331516,afp_exchange,3,0.0025793125158267622,0.003329052383084253,0.005296048886944741,18.21749934733218
edge_rolloff,3,20331516,afp_exchange,5,0.0012229572376612106,0.0016651778805814403,0.0023272173006090788,168.7365860681566
edge_rolloff,3,20331516,afp_exchange,7,0.000389885828935101,0.0006574855644581168,0.0006748091447453491,2177.945526213431
edge_rolloff,3,20331516,afp_exchange,9,0.0003052212474588607,0.0005881172029848416,0.0006066985281242988,61212.207183361905
edge_rolloff,3,20331516,afp_exchange,11,0.0003326892906552454,0.0006568871114087669,0.0006770903719806329,125787.37161544981
edge_rolloff,4,20331517,regular_grid,3,0.004625110559260318,0.008469973352085469,0.008020965809748832,24.94365478273628
edge_rolloff,4,20331517,regular_grid,5,0.004827389202496423,0.01044419417445341,0.011009850591284774,327.43361648915993
edge_rolloff,4,20331517,regular_grid,7,0.011745183841074133,0.026144948535919046,0.026709630241430728,7676.108739186785
edge_rolloff,4,20331517,regular_grid,9,0.003909911691741342,0.008092339002085064,0.0077947960895921285,7.740388647875343e+17
edge_rolloff,4,20331517,regular_grid,11,0.0034823233055525154,0.007227491917583126,0.007007315508088151,4.049534361189323e+17
edge_rolloff,4,20331517,random_uniform,3,0.0031423556575312507,0.005626455634866068,0.007466101947928184,23.067397253385778
edge_rolloff,4,20331517,random_uniform,5,0.0026802725937586447,0.004505721684483329,0.00511123591791089,230.20615686507108
edge_rolloff,4,20331517,random_uniform,7,0.0011818900808484335,0.0020910660851493398,0.0020791860999266228,3581.513379102369
edge_rolloff,4,20331517,random_uniform,9,0.001016683096329756,0.001735582440881313,0.0017701206197912253,101427.00665669414
edge_rolloff,4,20331517,random_uniform,11,0.003572268356140527,0.0074685926748417775,0.005581463295798448,5115569.736351394
edge_rolloff,4,20331517,jittered_grid,3,0.004321033914725224,0.008247371785067414,0.007866925677751695,24.613597554070587
edge_rolloff,4,20331517,jittered_grid,5,0.004271758242265808,0.009208297621535882,0.00843099895333056,298.0721070569684
edge_rolloff,4,20331517,jittered_grid,7,0.005523981683725989,0.01225361808226925,0.008513272288467148,4532.839863132818
edge_rolloff,4,20331517,jittered_grid,9,0.0039577688949404876,0.008809396604849671,0.0033618460247390293,91302.06931134315
edge_rolloff,4,20331517,jittered_grid,11,0.0024752560632198307,0.005485029364333154,0.0037803404441604767,212063.01172100691
edge_rolloff,4,20331517,afp_baseline,3,0.0032955415132190223,0.0043394739084800975,0.006731299445225186,17.7722044149529
edge_rolloff,4,20331517,afp_baseline,5,0.0016205137051270829,0.0024095041749619133,0.0032536140241848223,171.70439594236692
edge_rolloff,4,20331517,afp_baseline,7,0.0006322112814428938,0.0011929683483747205,0.001121889131834814,2044.0271419185474
edge_rolloff,4,20331517,afp_baseline,9,0.0005108551411769854,0.0010463757714146691,0.000923415480807131,44885.69181285849
edge_rolloff,4,20331517,afp_baseline,11,0.0006498597424642464,0.0013483080931747705,0.0008925568802594973,182818.43178576799
edge_rolloff,4,20331517,hessian_weighted,3,0.003782917951395798,0.004711766432044612,0.007511563705388056,17.394990253283087
edge_rolloff,4,20331517,hessian_weighted,5,0.0018615892996444773,0.0027019027752501965,0.0039073270302256765,214.85405259534107
edge_rolloff,4,20331517,hessian_weighted,7,0.0006954573410854689,0.0010404193565025706,0.0013014992125883256,2013.078728234525
edge_rolloff,4,20331517,hessian_weighted,9,0.0005493413311742114,0.000942970589978979,0.0011378835200915442,44184.07941879399
edge_rolloff,4,20331517,hessian_weighted,11,0.0008654887233566851,0.0014502607229363894,0.0018554547407466488,77689.40079048756
edge_rolloff,4,20331517,afp_exchange,3,0.003331223001600327,0.004441533466757553,0.006767314300605419,18.19563178498147
edge_rolloff,4,20331517,afp_exchange,5,0.0016760162114044176,0.002451961130354732,0.0031456042513074178,177.15605272237562
edge_rolloff,4,20331517,afp_exchange,7,0.0007860393133148037,0.001090866016816888,0.0017618857496998568,2137.2847806809596
edge_rolloff,4,20331517,afp_exchange,9,0.000584869163721753,0.0011137078394568047,0.0010349062417357737,46303.225222065725
edge_rolloff,4,20331517,afp_exchange,11,0.0007042762873042574,0.0013768921385965617,0.0011740460505971161,148253.50377545008
local_bump,0,20332513,regular_grid,3,0.0017772281877671125,0.0032874179142729477,0.0027026831942620387,24.94365478273628
local_bump,0,20332513,regular_grid,5,0.0017176997734741645,0.002924635345492169,0.003042251109669756,327.43361648915993
local_bump,0,20332513,regular_grid,7,0.008475124636926259,0.01699785343712944,0.017567183766181688,7676.108739186785
local_bump,0,20332513,regular_grid,9,0.016297117857403714,0.033138504117271615,0.023646272948646907,7.740388647875343e+17
local_bump,0,20332513,regular_grid,11,0.03503009843192755,0.06248718611796316,0.0708180377810502,4.049534361189323e+17
local_bump,0,20332513,random_uniform,3,0.0019147187771578384,0.0033911559405316403,0.0036638288360874988,25.22710891684739
local_bump,0,20332513,random_uniform,5,0.007099911015655421,0.012119721183536233,0.00963418755347988,349.79815946759805
local_bump,0,20332513,random_uniform,7,0.007611027072481087,0.01403218609214777,0.009862111160080522,7989.050765306929
local_bump,0,20332513,random_uniform,9,0.22023849796229575,0.4339854780362664,0.2627977640720463,341414.55475022073
local_bump,0,20332513,random_uniform,11,0.2398076953318458,0.4613166457963254,0.3235282480394762,2211091.617964313
local_bump,0,20332513,jittered_grid,3,0.0017965642720937838,0.0031796023829482227,0.0025123726120475157,26.21389921810319
local_bump,0,20332513,jittered_grid,5,0.0018626207745964136,0.002977772930952074,0.003691028562722864,331.7049453141701
local_bump,0,20332513,jittered_grid,7,0.0030674787998734103,0.0057820674242846926,0.0053081888247093105,6041.40953122188
local_bump,0,20332513,jittered_grid,9,0.055467694009304735,0.11688016852613677,0.045211648217013685,160182.7775569291
local_bump,0,20332513,jittered_grid,11,0.1350650266187185,0.28381108017001416,0.22337249806149134,1325207.360654775
local_bump,0,20332513,afp_baseline,3,0.0017667827100761124,0.003238623151528891,0.0024283709404786646,17.51976975737479
local_bump,0,20332513,afp_baseline,5,0.0016121681039800839,0.002676912778037459,0.0031090384600814037,182.23651527560565
local_bump,0,20332513,afp_baseline,7,0.0017862483529080156,0.0031080589518686316,0.003385412231802812,1986.765753440096
local_bump,0,20332513,afp_baseline,9,0.005663137519165304,0.010347620904036918,0.008857897408472691,63533.48870821302
local_bump,0,20332513,afp_baseline,11,0.050261240836320956,0.0840673300603906,0.07633706348767733,289325.06308386376
local_bump,0,20332513,hessian_weighted,3,0.0017651738982545496,0.0033449484372004945,0.0027816859688964426,17.29760158674319
local_bump,0,20332513,hessian_weighted,5,0.0015941303688950335,0.0026794064102787177,0.00264898926956533,219.13308878241318
local_bump,0,20332513,hessian_weighted,7,0.0015252364980186124,0.0022118120526439726,0.0029091763482235354,2780.7200509486543
local_bump,0,20332513,hessian_weighted,9,0.004907427075175302,0.005682917118763878,0.012288453070271,50089.271870442615
local_bump,0,20332513,hessian_weighted,11,0.01658796949612399,0.017836678590913035,0.03727704125258271,123370.7212264763
local_bump,0,20332513,afp_exchange,3,0.001805169640687975,0.003164084249923292,0.002418107915336434,17.579076185275262
local_bump,0,20332513,afp_exchange,5,0.0016412888647678648,0.002692653656455571,0.0031146802191906664,182.02971436338436
local_bump,0,20332513,afp_exchange,7,0.001838740976446529,0.0030984649499521803,0.003357776664274291,1999.2982694519685
local_bump,0,20332513,afp_exchange,9,0.0214531635574729,0.04057692093136004,0.026184956667435522,72124.40153932688
local_bump,0,20332513,afp_exchange,11,0.21617925254310255,0.355018163684079,0.45665818354888843,3399618.6684374325
local_bump,1,20332514,regular_grid,3,0.0009352155836588175,0.0016832675727601154,0.0018518589660881908,24.94365478273628
local_bump,1,20332514,regular_grid,5,0.0010161190330995203,0.00193598898953565,0.00246317877601042,327.43361648915993
local_bump,1,20332514,regular_grid,7,0.002533216612873485,0.005087028438851375,0.004940804735444856,7676.108739186785
local_bump,1,20332514,regular_grid,9,0.0028885368209592144,0.0056627821777976445,0.004600044840700151,7.740388647875343e+17
local_bump,1,20332514,regular_grid,11,0.010059454804941238,0.015982496932406193,0.02271674221935934,4.049534361189323e+17
local_bump,1,20332514,random_uniform,3,0.0009435850680496314,0.0017557792785315059,0.001972310244001599,20.901837021639547
local_bump,1,20332514,random_uniform,5,0.0011426379122997424,0.0021558754898060137,0.0024436108686406743,241.82454480342142
local_bump,1,20332514,random_uniform,7,0.0018140097655369245,0.0033948318547604743,0.0036767658208824465,4181.172757953722
local_bump,1,20332514,random_uniform,9,0.05939549194993653,0.11874242623111643,0.05481433888038699,213687.59562503468
local_bump,1,20332514,random_uniform,11,0.14464299142698664,0.26935595289990144,0.14199580436703307,747157.8749790479
local_bump,1,20332514,jittered_grid,3,0.0009327201685509885,0.0016875329928168956,0.0018476313246474946,26.906147679143636
local_bump,1,20332514,jittered_grid,5,0.0011701065293981882,0.0022383743236285914,0.0028692284868200484,343.6750297403428
local_bump,1,20332514,jittered_grid,7,0.001604118709190016,0.0031738535342827495,0.0024792928012301414,5123.689394023295
local_bump,1,20332514,jittered_grid,9,0.017596587615737465,0.03710267582031031,0.029781996624310247,117615.85910434485
local_bump,1,20332514,jittered_grid,11,0.0301756118401422,0.0597635508068519,0.0558328377521155,266962.3011015694
local_bump,1,20332514,afp_baseline,3,0.0008889440126162505,0.00160193897820471,0.001612874525874415,17.776243561175775
local_bump,1,20332514,afp_baseline,5,0.0007701648127193653,0.0013546463841878087,0.001201695508673584,168.12281558427506
local_bump,1,20332514,afp_baseline,7,0.000635572187343625,0.0010344971939183286,0.0011000673321622948,1991.1077701587465
local_bump,1,20332514,afp_baseline,9,0.0013777082014848894,0.0023741638815261493,0.002680020844597766,41566.64082439934
local_bump,1,20332514,afp_baseline,11,0.011442808033238145,0.02036511731496714,0.022366553032846674,156705.36260176828
local_bump,1,20332514,hessian_weighted,3,0.0009046369844302781,0.0015755659601292605,0.0016067166742078649,17.631476970069404
local_bump,1,20332514,hessian_weighted,5,0.0008113955427930091,0.0012373744183300794,0.0013784757518638157,211.21468817148045
local_bump,1,20332514,hessian_weighted,7,0.0008538201102027554,0.001063787795163345,0.0017637541162012502,2156.008420001535
local_bump,1,20332514,hessian_weighted,9,0.0023790803489853727,0.002774166379896513,0.0051922557092725545,26914.901884395975
local_bump,1,20332514,hessian_weighted,11,0.007744642978748805,0.009628178040288541,0.01871971474655438,131589.4114435708
local_bump,1,20332514,afp_exchange,3,0.0009004520474310489,0.0015915232275933602,0.0015617387833625658,18.075617357543603
local_bump,1,20332514,afp_exchange,5,0.0007842988700447033,0.0013705617274622588,0.0012016821239090438,177.6634980944062
local_bump,1,20332514,afp_exchange,7,0.0006454345710235957,0.0010553565525959804,0.0010833900850147863,1994.5405413021213
local_bump,1,20332514,afp_exchange,9,0.00480601159149267,0.0037108161125709734,0.011082008090558952,34093.99439916016
local_bump,1,20332514,afp_exchange,11,0.08301612123804565,0.056890672160872145,0.17608199396164856,935955.5141734785
local_bump,2,20332515,regular_grid,3,0.002681810472824915,0.004440208372433714,0.004967602478485428,24.94365478273628
local_bump,2,20332515,regular_grid,5,0.002514358839479951,0.003912234329887635,0.0052813051410199405,327.43361648915993
local_bump,2,20332515,regular_grid,7,0.00914654616054085,0.017451747502468584,0.01710279254630276,7676.108739186785
local_bump,2,20332515,regular_grid,9,0.00996351197469736,0.01512689452869595,0.024426852213096883,7.740388647875343e+17
local_bump,2,20332515,regular_grid,11,0.04392877092056823,0.06970435570793061,0.09950614355323704,4.049534361189323e+17
local_bump,2,20332515,random_uniform,3,0.0029106613438382016,0.004692182094198964,0.006445073200651807,23.298147026468627
local_bump,2,20332515,random_uniform,5,0.005189147399484798,0.009301485668489365,0.010054279985751716,299.961839227336
local_bump,2,20332515,random_uniform,7,0.027726774922214065,0.054423712608269885,0.03242571481747559,7035.663325629559
local_bump,2,20332515,random_uniform,9,0.8343291279411429,1.5717967898612528,0.6727643921375013,608849.2952399943
local_bump,2,20332515,random_uniform,11,0.164651445521507,0.31927638644204603,0.309543917310133,2364597.986194968
local_bump,2,20332515,jittered_grid,3,0.002667899615053045,0.004388120463948944,0.004965519068086628,24.28446412097718
local_bump,2,20332515,jittered_grid,5,0.0025223224078394506,0.004047027339559738,0.005518184031908759,262.9016625435614
local_bump,2,20332515,jittered_grid,7,0.003524228397568231,0.006335482159180723,0.006081461799465997,3836.9741404012934
local_bump,2,20332515,jittered_grid,9,0.09244606691017218,0.19550303648254344,0.11210387010849163,90314.39543087385
local_bump,2,20332515,jittered_grid,11,0.24605880969979407,0.5080913454289204,0.2812504103949386,491817.93352405186
local_bump,2,20332515,afp_baseline,3,0.0026175498348338334,0.00461256333920425,0.00531524463506708,17.89701812967245
local_bump,2,20332515,afp_baseline,5,0.0022572285522952096,0.003557042229868537,0.004470357827284001,185.44573033123956
local_bump,2,20332515,afp_baseline,7,0.001917147345467304,0.0031558080371166153,0.004074084838493608,2534.809461405219
local_bump,2,20332515,afp_baseline,9,0.008257539884268581,0.012123286243416546,0.01626354385401769,49114.8395176472
local_bump,2,20332515,afp_baseline,11,0.04339950786090268,0.0732047171928346,0.09821870109707681,142698.59302064872
local_bump,2,20332515,hessian_weighted,3,0.0026406848956153127,0.004429934392863097,0.005135417518150234,16.91948081637737
local_bump,2,20332515,hessian_weighted,5,0.0022955371308934075,0.0033510828412160803,0.0048043208934620465,201.8283940819715
local_bump,2,20332515,hessian_weighted,7,0.0022041960848421973,0.003162382170917773,0.004541270599397851,2543.384989683567
local_bump,2,20332515,hessian_weighted,9,0.010075591833794853,0.01510291922055854,0.0220811035494147,69274.38616007859
local_bump,2,20332515,hessian_weighted,11,0.016441513826179862,0.022821501203895537,0.036093699747857755,148412.44756699714
local_bump,2,20332515,afp_exchange,3,0.0027354835177753954,0.004147360440786412,0.004835621123935008,17.244461332584287
local_bump,2,20332515,afp_exchange,5,0.0024177733946378396,0.0032266201968392983,0.004869804221594872,181.39430504802607
local_bump,2,20332515,afp_exchange,7,0.0021986409294741933,0.003077743661481232,0.004829201214947811,2554.9742105866676
local_bump,2,20332515,afp_exchange,9,0.017651749564918308,0.029247671859242257,0.03780620348472021,97871.65606632075
local_bump,2,20332515,afp_exchange,11,0.198156534177953,0.32574135454938785,0.45102597373087827,2555867.420383551
local_bump,3,20332516,regular_grid,3,0.0016441431169369439,0.003516473155764048,0.0011616859904500809,24.94365478273628
local_bump,3,20332516,regular_grid,5,0.0018004814911225114,0.0036914126421042585,0.0035622147613655845,327.43361648915993
local_bump,3,20332516,regular_grid,7,0.00880836387662873,0.018280464737808255,0.018531582126783387,7676.108739186785
local_bump,3,20332516,regular_grid,9,0.014491803439808017,0.02936813797488627,0.022869891278589027,7.740388647875343e+17
local_bump,3,20332516,regular_grid,11,0.01839872612697052,0.03540164926039723,0.027197197399290763,4.049534361189323e+17
local_bump,3,20332516,random_uniform,3,0.0016598511914323294,0.0033885112265131857,0.0016958821978915396,21.982984956785124
local_bump,3,20332516,random_uniform,5,0.002580531502224399,0.004516010633134963,0.003453490832852262,277.4924870687762
local_bump,3,20332516,random_uniform,7,0.01209493035575694,0.022397916570315833,0.00856516477783214,3290.5532360742523
local_bump,3,20332516,random_uniform,9,0.02698871114206084,0.05261439225732378,0.025072249257424774,107051.90455710328
local_bump,3,20332516,random_uniform,11,0.18603856184620668,0.34079746969031416,0.16039137146965915,1390089.4373330798
local_bump,3,20332516,jittered_grid,3,0.0016395081537968071,0.0035055451388087823,0.0011346323068408897,24.928515332606757
local_bump,3,20332516,jittered_grid,5,0.0020890293754196915,0.004162246265173913,0.00471391699575317,325.570767337872
local_bump,3,20332516,jittered_grid,7,0.00681562915010127,0.014121602153411931,0.012028085015418914,4941.162383407439
local_bump,3,20332516,jittered_grid,9,0.10129340142502097,0.2127931764641938,0.10746380268598482,103550.41885242316
local_bump,3,20332516,jittered_grid,11,0.12643272370173622,0.26594609284546405,0.15405150740147572,601132.1200896634
local_bump,3,20332516,afp_baseline,3,0.0016308194252458183,0.003385854061923742,0.001449712096145095,19.250638794250143
local_bump,3,20332516,afp_baseline,5,0.0015114862650720815,0.0029611213139324965,0.0021448958708675213,197.4573821464839
local_bump,3,20332516,afp_baseline,7,0.0021615887171962524,0.004228992957943486,0.0030004714209953933,2827.8020901212185
local_bump,3,20332516,afp_baseline,9,0.023030795976156936,0.048527754058937625,0.014298180691235379,88038.22576193199
local_bump,3,20332516,afp_baseline,11,0.021576427524095904,0.04328284462147763,0.03144707624384179,103241.26286506068
local_bump,3,20332516,hessian_weighted,3,0.0016979697068557954,0.0031664801389504303,0.0021374700340392886,17.938410351928752
local_bump,3,20332516,hessian_weighted,5,0.0016033554217283806,0.0027808189455652745,0.0025981634083071742,215.57103447401752
local_bump,3,20332516,hessian_weighted,7,0.0017114689336961877,0.0026403462946826784,0.0030826474221569175,2825.283642352127
local_bump,3,20332516,hessian_weighted,9,0.031937485867073206,0.044822961321075314,0.0626659662009071,165315.96544952723
local_bump,3,20332516,hessian_weighted,11,0.24634641405454813,0.37747556283948785,0.3924004356182272,336575.6073875995
local_bump,3,20332516,afp_exchange,3,0.0017937582915832488,0.0030974622694811666,0.002750727074704984,19.016464752005614
local_bump,3,20332516,afp_exchange,5,0.0016552027430649598,0.002796220468655134,0.003112623207252238,187.36398884735368
local_bump,3,20332516,afp_exchange,7,0.0032523066465317265,0.006057324348208686,0.004658292663896861,2695.4112115488597
local_bump,3,20332516,afp_exchange,9,0.01291054610301897,0.0225215807925399,0.025227223342308445,65554.19124063948
local_bump,3,20332516,afp_exchange,11,0.48436666382175375,0.7374115314400992,0.9131265930172827,504183.6566123463
local_bump,4,20332517,regular_grid,3,0.001008764000010215,0.0021023621930300546,0.0014447760579947835,24.94365478273628
local_bump,4,20332517,regular_grid,5,0.001552279726554121,0.003112798145541865,0.003942092786687919,327.43361648915993
local_bump,4,20332517,regular_grid,7,0.00847588900668229,0.017327078407827008,0.018135852189434483,7676.108739186785
local_bump,4,20332517,regular_grid,9,0.013733703538316573,0.027751444884190277,0.015960627710748625,7.740388647875343e+17
local_bump,4,20332517,regular_grid,11,0.027697031777047184,0.04644919934191349,0.07022244705979132,4.049534361189323e+17
local_bump,4,20332517,random_uniform,3,0.0010216085036910097,0.0022072427920749654,0.0009604809129228614,27.008028129551235
local_bump,4,20332517,random_uniform,5,0.0011039874617962647,0.0023385480812656723,0.0014146131598281497,265.62055440162305
local_bump,4,20332517,random_uniform,7,0.0015469415984044033,0.003236401117974371,0.002717927144769789,3787.3672858351183
local_bump,4,20332517,random_uniform,9,0.028924366831884436,0.06052382373565888,0.037452919901974614,279434.740302961
local_bump,4,20332517,random_uniform,11,0.06575826875372515,0.1362942111929448,0.08458557586045562,772756.9972464558
local_bump,4,20332517,jittered_grid,3,0.0010404400306415285,0.0021092671182795734,0.0015362621692990878,25.006876372075904
local_bump,4,20332517,jittered_grid,5,0.0011684423112577776,0.0022872032767354265,0.0022360390691405557,281.6349087240002
local_bump,4,20332517,jittered_grid,7,0.002561740420789446,0.005149273503717193,0.003131875080611445,4304.309843914474
local_bump,4,20332517,jittered_grid,9,0.0396055375269385,0.08401283148828985,0.07035559663103318,97629.68781023861
local_bump,4,20332517,jittered_grid,11,0.08141944001727162,0.16791423684116186,0.13734206373558394,439001.8822800614
local_bump,4,20332517,afp_baseline,3,0.001001423209671112,0.0021650909123952775,0.0010178323135618475,19.37504598027734
local_bump,4,20332517,afp_baseline,5,0.0009945623239641765,0.0021394183917010897,0.0009428562802058764,191.8728526308375
local_bump,4,20332517,afp_baseline,7,0.0010434938676429602,0.0022042000612585598,0.0011791334942167946,2116.6951011264073
local_bump,4,20332517,afp_baseline,9,0.004844410451525982,0.009904232483146185,0.007350582808380371,51138.0826074323
local_bump,4,20332517,afp_baseline,11,0.015489796373106072,0.029455228056225233,0.022231134288569595,201581.13458322722
local_bump,4,20332517,hessian_weighted,3,0.0011653388781926117,0.002124318465278054,0.0020300539705889386,17.71387899429948
local_bump,4,20332517,hessian_weighted,5,0.0013137950767367864,0.002177459844537597,0.0029542276525374054,230.15229187978395
local_bump,4,20332517,hessian_weighted,7,0.0020507656014065075,0.0025576437208832,0.004648216077774025,2285.325174960489
local_bump,4,20332517,hessian_weighted,9,0.011569118804603633,0.009637291703861855,0.01894524573912191,27012.082515978203
local_bump,4,20332517,hessian_weighted,11,0.03952418182553745,0.030413634933890373,0.056338106284661946,108567.52391197468
local_bump,4,20332517,afp_exchange,3,0.0009937304634949796,0.0021363433917992404,0.0010888236832612632,18.544108067320774
local_bump,4,20332517,afp_exchange,5,0.0010089482497258806,0.0020946401040480983,0.001254279966962789,196.19912409097924
local_bump,4,20332517,afp_exchange,7,0.0010810590827417502,0.0022116609748430785,0.0013574089275400986,2077.738035083074
local_bump,4,20332517,afp_exchange,9,0.0036214851084865455,0.006208090141168423,0.007745368594165668,42076.30958298422
local_bump,4,20332517,afp_exchange,11,0.05428177260150384,0.10185986085612027,0.09554013249356222,468546.34247519745
mid_frequency,0,20333513,regular_grid,3,0.0024801468122999425,0.0031634602851761976,0.004516294733987243,24.94365478273628
mid_frequency,0,20333513,regular_grid,5,0.0021400110243345117,0.002533073818412186,0.003818482767114967,327.43361648915993
mid_frequency,0,20333513,regular_grid,7,0.0045238077976759265,0.009278221344989677,0.008731514395349228,7676.108739186785
mid_frequency,0,20333513,regular_grid,9,0.0014888610726708025,0.002865788866685338,0.003138773560398074,7.740388647875343e+17
mid_frequency,0,20333513,regular_grid,11,0.004647672721735302,0.007171592773575729,0.010899454442198088,4.049534361189323e+17
mid_frequency,0,20333513,random_uniform,3,0.0026342384640679903,0.003810229453811078,0.0050143521433864404,20.812622602184902
mid_frequency,0,20333513,random_uniform,5,0.005043502717122698,0.009444072898972231,0.0048540284831425674,212.57867857617214
mid_frequency,0,20333513,random_uniform,7,0.006110650815374918,0.012358771354108766,0.010488235019698937,4746.82030717502
mid_frequency,0,20333513,random_uniform,9,0.02323823290153681,0.045638316167917976,0.02100282226845696,614161.2603839294
mid_frequency,0,20333513,random_uniform,11,0.028037600510741282,0.055980507026835345,0.040603766100544045,3439322.067277958
mid_frequency,0,20333513,jittered_grid,3,0.0024583741248509366,0.0031238969481889546,0.004562465461572051,25.078710015039047
mid_frequency,0,20333513,jittered_grid,5,0.0022057450763344456,0.0029090690256056563,0.0038752889031881373,292.28043386654633
mid_frequency,0,20333513,jittered_grid,7,0.0026976108762617993,0.005340876623790202,0.004772444429772829,4683.640811956492
mid_frequency,0,20333513,jittered_grid,9,0.00515597215433937,0.0109711705467507,0.008539709430693852,120776.49480573807
mid_frequency,0,20333513,jittered_grid,11,0.004110851121278906,0.008599982017127951,0.006240393877803584,411863.503868834
mid_frequency,0,20333513,afp_baseline,3,0.0024124022127450908,0.003150034144659549,0.004348430829280502,17.90950696103904
mid_frequency,0,20333513,afp_baseline,5,0.00196772910625655,0.002656347243442024,0.0037581040265516463,163.4368006647057
mid_frequency,0,20333513,afp_baseline,7,0.0008636818252280308,0.0012347231260410507,0.0015676487721019258,2326.4961292209705
mid_frequency,0,20333513,afp_baseline,9,0.0006354868761218218,0.0011459334114890412,0.0012674695275473142,52111.33807478723
mid_frequency,0,20333513,afp_baseline,11,0.0013660074971216577,0.0021394524958547184,0.0025821482379637696,262982.32650045806
mid_frequency,0,20333513,hessian_weighted,3,0.002436086166536661,0.0031536851211192373,0.004366510374328002,17.439342349323805
mid_frequency,0,20333513,hessian_weighted,5,0.002006731138490248,0.0025676444620370206,0.0037771226407595526,199.63150239175735
mid_frequency,0,20333513,hessian_weighted,7,0.001203358483105809,0.00141635459574347,0.0023103959572941214,2680.166086812562
mid_frequency,0,20333513,hessian_weighted,9,0.0008514752978874544,0.0009632213528872095,0.00136471587440535,70835.4028844515
mid_frequency,0,20333513,hessian_weighted,11,0.0014952707731794982,0.0015769366590232428,0.0026033493532000847,294812.7169454124
mid_frequency,0,20333513,afp_exchange,3,0.0024268558881502793,0.0030608275971111733,0.00441127682076348,18.140208730597116
mid_frequency,0,20333513,afp_exchange,5,0.002011671760325083,0.0025355246309472362,0.003775459163611005,172.98476706327742
mid_frequency,0,20333513,afp_exchange,7,0.0010335088650489561,0.001443889059914443,0.001934180391190142,2413.4421201090854
mid_frequency,0,20333513,afp_exchange,9,0.0009105499406362172,0.001640406493772141,0.0017424856512797769,51035.135249878804
mid_frequency,0,20333513,afp_exchange,11,0.0011367428826916386,0.002047077843017441,0.0021808974260222967,195915.75213660975
mid_frequency,1,20333514,regular_grid,3,0.003499552703605542,0.004987756852487336,0.0067000470304526116,24.94365478273628
mid_frequency,1,20333514,regular_grid,5,0.0026805722843206963,0.003448806418056447,0.004973051677264077,327.43361648915993
mid_frequency,1,20333514,regular_grid,7,0.005955838182830281,0.01091489572721331,0.011090910924402913,7676.108739186785
mid_frequency,1,20333514,regular_grid,9,0.0028235961495561763,0.003840960155324543,0.007037816652228692,7.740388647875343e+17
mid_frequency,1,20333514,regular_grid,11,0.0032334921568484766,0.0033853429389187365,0.00856565228376663,4.049534361189323e+17
mid_frequency,1,20333514,random_uniform,3,0.0036604447330665355,0.004590550323681506,0.007476939207030601,22.864388558731633
mid_frequency,1,20333514,random_uniform,5,0.004363443381421654,0.006373031691137952,0.007860688623550134,264.3617354724233
mid_frequency,1,20333514,random_uniform,7,0.0090285394528554,0.015989817063329227,0.011042267665441682,3826.946332181211
mid_frequency,1,20333514,random_uniform,9,0.015980003518153527,0.030565723946397692,0.01906240171841425,348270.56834879535
mid_frequency,1,20333514,random_uniform,11,0.007930339464991809,0.01596103174621756,0.008666661655825294,5866331.925206663
mid_frequency,1,20333514,jittered_grid,3,0.0034552649524317936,0.004769695624851736,0.00674601129989388,27.198034338732793
mid_frequency,1,20333514,jittered_grid,5,0.0026904081786219727,0.0036620840573652297,0.005168245815215841,376.1059093461711
mid_frequency,1,20333514,jittered_grid,7,0.00985601038406365,0.01859895756278948,0.013657433582442341,6242.920051370219
mid_frequency,1,20333514,jittered_grid,9,0.049861729031941346,0.08675395888435869,0.07033185813139758,255260.7663195005
mid_frequency,1,20333514,jittered_grid,11,0.017896727566711578,0.012384204822877064,0.015377459076163502,575676.2891641343
mid_frequency,1,20333514,afp_baseline,3,0.0034337217662476186,0.00481262265329975,0.006437661384042272,18.658669255424407
mid_frequency,1,20333514,afp_baseline,5,0.0026315866646657473,0.0031859510323834004,0.004798476425230466,184.2571207083117
mid_frequency,1,20333514,afp_baseline,7,0.0019021863979810144,0.0022695996781394922,0.0030886919862962285,2546.3117870030856
mid_frequency,1,20333514,afp_baseline,9,0.003188904380756284,0.00545856437039324,0.006261047344329658,51519.91926629325
mid_frequency,1,20333514,afp_baseline,11,0.002858194623047136,0.005300409291303449,0.005211233136354732,142055.3377005079
mid_frequency,1,20333514,hessian_weighted,3,0.0034274753746821973,0.004764644520854899,0.0063099111145066365,18.02375790932895
mid_frequency,1,20333514,hessian_weighted,5,0.0025692803651529116,0.002793759145780979,0.0046832298636011686,183.74443851945125
mid_frequency,1,20333514,hessian_weighted,7,0.0018664576954139905,0.001843864264503984,0.0035768385620720813,1904.6454511040142
mid_frequency,1,20333514,hessian_weighted,9,0.0032186053801739186,0.0023711122076662456,0.005681624791472528,35331.597053168814
mid_frequency,1,20333514,hessian_weighted,11,0.003959438398093064,0.004086670251624143,0.006529225528898781,222081.15518977892
mid_frequency,1,20333514,afp_exchange,3,0.003431186229546157,0.004714873564469351,0.006211406937894515,18.643937277404557
mid_frequency,1,20333514,afp_exchange,5,0.00266838043328574,0.0030294785345377525,0.004787984026922966,198.77503426574322
mid_frequency,1,20333514,afp_exchange,7,0.0020715956070463002,0.0020616279878906867,0.003612082938879116,2636.6442754156333
mid_frequency,1,20333514,afp_exchange,9,0.0020615118874820213,0.002844930863157301,0.004643340670250428,39699.98018824055
mid_frequency,1,20333514,afp_exchange,11,0.0023555403828258077,0.0026176686714548523,0.004668602556927226,95579.0581451236
mid_frequency,2,20333515,regular_grid,3,0.003681987664218874,0.004935151025232282,0.006734574138945702,24.94365478273628
mid_frequency,2,20333515,regular_grid,5,0.003386225362720869,0.00413330717517977,0.00604889188714243,327.43361648915993
mid_frequency,2,20333515,regular_grid,7,0.008236035321728695,0.016771168775024943,0.015661067029820966,7676.108739186785
mid_frequency,2,20333515,regular_grid,9,0.00669287462896079,0.009405396960731036,0.01624414928951921,7.740388647875343e+17
mid_frequency,2,20333515,regular_grid,11,0.011271183500666145,0.013302275704175404,0.02944203876016889,4.049534361189323e+17
mid_frequency,2,20333515,random_uniform,3,0.004285443222701845,0.006486760614963606,0.008632794798084058,21.080399873751347
mid_frequency,2,20333515,random_uniform,5,0.0047071494127312674,0.007802009287935276,0.009143247138806881,227.05587249224592
mid_frequency,2,20333515,random_uniform,7,0.008050351372238277,0.014011206176020849,0.010994604206344558,3801.984220481304
mid_frequency,2,20333515,random_uniform,9,0.020733965236017764,0.04129726726962641,0.02346613966446636,182261.29125882406
mid_frequency,2,20333515,random_uniform,11,0.10758947450149582,0.20200076028634567,0.04040774617708342,8471945.388792772
mid_frequency,2,20333515,jittered_grid,3,0.003718243210368197,0.0049627675155235005,0.006829115078451469,25.36894251674877
mid_frequency,2,20333515,jittered_grid,5,0.0033397028828141143,0.004158122914326406,0.0058189324339770875,302.42964847126774
mid_frequency,2,20333515,jittered_grid,7,0.006477647006062806,0.01302095672867413,0.012337731981711411,5031.926665916479
mid_frequency,2,20333515,jittered_grid,9,0.02468603125568271,0.0514403504678436,0.028032016664357912,125176.48433429482
mid_frequency,2,20333515,jittered_grid,11,0.028779819448378926,0.06014498979445078,0.03856092481573872,220441.0978066849
mid_frequency,2,20333515,afp_baseline,3,0.003643522856594184,0.004886425877878038,0.006820175076879119,17.536942547397285
mid_frequency,2,20333515,afp_baseline,5,0.003291195076461931,0.004053693214206552,0.00580685009953052,179.8532705913197
mid_frequency,2,20333515,afp_baseline,7,0.0024052908024915073,0.0038714602569468967,0.0035257210480772686,2181.5520978850977
mid_frequency,2,20333515,afp_baseline,9,0.003414754115322986,0.006878997446541069,0.003925795423321301,47077.90970925602
mid_frequency,2,20333515,afp_baseline,11,0.005748257273294422,0.009968229123119217,0.00987765247872157,125819.46278836209
mid_frequency,2,20333515,hessian_weighted,3,0.003669948994739745,0.004903309846581886,0.006902116910851573,17.38495066239383
mid_frequency,2,20333515,hessian_weighted,5,0.00337127885354591,0.004166184649407878,0.006176852987988646,205.307438384949
mid_frequency,2,20333515,hessian_weighted,7,0.0022606238875131014,0.0029605999235025287,0.0037840456579956677,2511.782460451698
mid_frequency,2,20333515,hessian_weighted,9,0.002667314472299847,0.0036766711231610515,0.0056098608796156975,39234.796276857436
mid_frequency,2,20333515,hessian_weighted,11,0.008213736839891215,0.014080951423282993,0.016668459249250846,76258.5995405367
mid_frequency,2,20333515,afp_exchange,3,0.0036432679076461158,0.0049644417817068165,0.0067735217179060595,18.150730530147804
mid_frequency,2,20333515,afp_exchange,5,0.003298967045311464,0.004019331779090688,0.005982845982835508,181.02779502628414
mid_frequency,2,20333515,afp_exchange,7,0.0025069354965608043,0.004092082915788306,0.0037932212925643805,2071.171824682167
mid_frequency,2,20333515,afp_exchange,9,0.003294298242434579,0.006722873335846533,0.003647239164663441,42265.44407551831
mid_frequency,2,20333515,afp_exchange,11,0.004741982823170575,0.008369094098296621,0.007971303308700769,152680.46543010784
mid_frequency,3,20333516,regular_grid,3,0.004497725454287838,0.005059816673071655,0.007649481397293642,24.94365478273628
mid_frequency,3,20333516,regular_grid,5,0.0038716997039775045,0.004455449880062722,0.006571272770394233,327.43361648915993
mid_frequency,3,20333516,regular_grid,7,0.002854435102054463,0.004597415996159695,0.005450922712128808,7676.108739186785
mid_frequency,3,20333516,regular_grid,9,0.005154544280498288,0.0065784238543691595,0.01317618962493495,7.740388647875343e+17
mid_frequency,3,20333516,regular_grid,11,0.007107785307599936,0.010106542642766433,0.01818793535790647,4.049534361189323e+17
mid_frequency,3,20333516,random_uniform,3,0.004790338282169724,0.006191019753517235,0.008375996715415198,20.994617598799458
mid_frequency,3,20333516,random_uniform,5,0.005653603242074238,0.007808862327951326,0.012558220955118408,227.7452894664865
mid_frequency,3,20333516,random_uniform,7,0.010514896026367394,0.015393518248199201,0.023598163177053613,4278.97705143519
mid_frequency,3,20333516,random_uniform,9,0.015934542852706707,0.01861840044280649,0.030734139107729812,566812.9118588681
mid_frequency,3,20333516,random_uniform,11,0.02173359191940712,0.03753511923666341,0.040292482270769786,5782688.536759555
mid_frequency,3,20333516,jittered_grid,3,0.0045453931635980474,0.005116389180533957,0.0076593455406179616,26.641404678293508
mid_frequency,3,20333516,jittered_grid,5,0.004238516051127504,0.005489185736490162,0.00746604766074737,329.14601376952106
mid_frequency,3,20333516,jittered_grid,7,0.011434905008110867,0.022719938756332086,0.024619241967631225,5470.3898624228505
mid_frequency,3,20333516,jittered_grid,9,0.023178172249066716,0.04949317572087327,0.034252794261485614,199463.16249256692
mid_frequency,3,20333516,jittered_grid,11,0.02312002001949063,0.04802053676395024,0.030226054768370585,1432656.145478518
mid_frequency,3,20333516,afp_baseline,3,0.004475547006742227,0.005053793172176728,0.007610932167588602,17.976066167595118
mid_frequency,3,20333516,afp_baseline,5,0.0037030060876604896,0.0041543522333911224,0.006161637232526407,164.93550002062685
mid_frequency,3,20333516,afp_baseline,7,0.002263917128141022,0.003317143613057846,0.0035458709025580986,1691.9832118207376
mid_frequency,3,20333516,afp_baseline,9,0.0013022700959089515,0.001750991582538587,0.0025154478153098844,30301.8118562614
mid_frequency,3,20333516,afp_baseline,11,0.007533760156079477,0.015300636023545176,0.011613507887936268,136149.3612980586
mid_frequency,3,20333516,hessian_weighted,3,0.004500345636371102,0.005161023800626369,0.0077367656669081655,17.692373476433364
mid_frequency,3,20333516,hessian_weighted,5,0.003935161546861007,0.004167442414003499,0.006878183736895823,239.23913761443956
mid_frequency,3,20333516,hessian_weighted,7,0.0023923672514837764,0.0020303031533112437,0.004472153814155232,2552.5792715784855
mid_frequency,3,20333516,hessian_weighted,9,0.0017052033762696268,0.0014852770969001087,0.00408187505371615,36846.288490502775
mid_frequency,3,20333516,hessian_weighted,11,0.006127459962935766,0.007029180986985944,0.012900017308135264,62838.9589522422
mid_frequency,3,20333516,afp_exchange,3,0.0045541980643795015,0.0050369803618735545,0.007887992298216844,18.32655591168836
mid_frequency,3,20333516,afp_exchange,5,0.003772592429583327,0.0041518064167211845,0.006493069693366508,171.10166674647448
mid_frequency,3,20333516,afp_exchange,7,0.002677745174791725,0.003464925172706673,0.0050121907285141185,1762.7559808403482
mid_frequency,3,20333516,afp_exchange,9,0.0017101629974226762,0.0024575192661740884,0.0036883075817218816,32387.252522745694
mid_frequency,3,20333516,afp_exchange,11,0.006018904654234959,0.006831225722650989,0.01479179676811758,115363.17258483978
mid_frequency,4,20333517,regular_grid,3,0.004953958388666848,0.006490486146177413,0.008945678519622994,24.94365478273628
mid_frequency,4,20333517,regular_grid,5,0.0037937534354919697,0.0052572323156408985,0.006394166533510296,327.43361648915993
mid_frequency,4,20333517,regular_grid,7,0.007000222700684635,0.013392021467329328,0.013027475820493215,7676.108739186785
mid_frequency,4,20333517,regular_grid,9,0.002238956070408449,0.0034645374870180367,0.00501760267465996,7.740388647875343e+17
mid_frequency,4,20333517,regular_grid,11,0.004789396470001333,0.00506987440334519,0.013399375486703618,4.049534361189323e+17
mid_frequency,4,20333517,random_uniform,3,0.007300660890931705,0.01147684128209142,0.01682387503196333,23.63865871429192
mid_frequency,4,20333517,random_uniform,5,0.013305052072641465,0.024840926385671553,0.007326094751239604,260.69567033591403
mid_frequency,4,20333517,random_uniform,7,0.014108589770016128,0.028223574306595882,0.006996177799143584,3838.302308678269
mid_frequency,4,20333517,random_uniform,9,0.0031719747992411426,0.005400848504350146,0.0045429346051349285,199883.2660421374
mid_frequency,4,20333517,random_uniform,11,0.010669296344888148,0.01965071191668727,0.014516464121044827,931991.4442757156
mid_frequency,4,20333517,jittered_grid,3,0.004918605433626891,0.006598004049365504,0.00900191161307191,26.41660739442876
mid_frequency,4,20333517,jittered_grid,5,0.00368770859358578,0.005672656392453393,0.005586271697189273,307.0585209137051
mid_frequency,4,20333517,jittered_grid,7,0.002739663008679237,0.00504259078258531,0.0038692213065360673,4110.967813723943
mid_frequency,4,20333517,jittered_grid,9,0.004492528842507992,0.009031742211819013,0.0052944980092321705,84021.26883291034
mid_frequency,4,20333517,jittered_grid,11,0.003265507366851916,0.005954566930126802,0.006393635727538573,297377.7910766388
mid_frequency,4,20333517,afp_baseline,3,0.004874558311488834,0.0066120940603468245,0.009139815373155554,19.16361717699645
mid_frequency,4,20333517,afp_baseline,5,0.003295597545959657,0.004712568476652087,0.0063150668733865266,190.61096506697672
mid_frequency,4,20333517,afp_baseline,7,0.0017346378368080957,0.002721523654723556,0.0021328860616864355,2368.440748551301
mid_frequency,4,20333517,afp_baseline,9,0.0012173971345221554,0.0022137814406991926,0.0010964026907410952,68976.63946438942
mid_frequency,4,20333517,afp_baseline,11,0.002817018799108894,0.005800521396839215,0.0037042834335793856,277053.75387620484
mid_frequency,4,20333517,hessian_weighted,3,0.004962047716728901,0.006396878654519715,0.009238929406815944,17.880525681492372
mid_frequency,4,20333517,hessian_weighted,5,0.0032556536498411053,0.004153274375769908,0.005771280091253629,198.55014541728826
mid_frequency,4,20333517,hessian_weighted,7,0.0013944453726908816,0.001602243721732812,0.0026277439745688823,2127.771783256452
mid_frequency,4,20333517,hessian_weighted,9,0.0012422912767077433,0.001474199054418187,0.0028351062415582465,41195.17439669584
mid_frequency,4,20333517,hessian_weighted,11,0.0017352277655349325,0.002496083614866935,0.004073113962357406,128290.40843549937
mid_frequency,4,20333517,afp_exchange,3,0.005017772601524109,0.006558489588738231,0.009415522053311299,19.016676664342206
mid_frequency,4,20333517,afp_exchange,5,0.0032882269618127445,0.004382974458321263,0.006136124275244853,184.1632912513815
mid_frequency,4,20333517,afp_exchange,7,0.0018095703733365994,0.0024869742099845847,0.0033205536213672606,2303.046609354038
mid_frequency,4,20333517,afp_exchange,9,0.0014769046699994548,0.00253992578334293,0.0029006607333838396,49864.11465888537
mid_frequency,4,20333517,afp_exchange,11,0.003454828212294552,0.005342630561275446,0.006580194199080014,510879.84687259124
